week,channel,spend_lakh,impressions,clicks,ctr,cpc_rs,cpm_rs,platform_conversions,platform_revenue_lakh,platform_roas
1,Meta,10.517,7049122,77540,0.011,13.56,149.2,3192,20.753,1.973
2,Meta,19.223,11224390,123468,0.011,15.57,171.26,6210,40.371,2.1
3,Meta,13.581,8066258,88728,0.011,15.31,168.36,5588,36.328,2.675
4,Meta,14.706,8547277,94020,0.011,15.64,172.05,8646,56.199,3.822
5,Meta,8.705,5003569,55039,0.011,15.82,173.97,6793,44.156,5.073
6,Meta,9.503,6248348,68731,0.011,13.83,152.09,5299,34.449,3.625
7,Meta,11.584,6612030,72732,0.011,15.93,175.2,5549,36.072,3.114
8,Meta,12.364,7344427,80788,0.011,15.3,168.34,6549,42.572,3.443
9,Meta,11.241,6782122,74603,0.011,15.07,165.74,5518,35.87,3.191
10,Meta,9.919,5805892,63864,0.011,15.53,170.85,6429,41.79,4.213
11,Meta,9.766,6041381,66455,0.011,14.7,161.65,6376,41.444,4.244
12,Meta,8.454,6086861,66955,0.011,12.63,138.88,5350,34.777,4.114
13,Meta,10.985,6902224,75924,0.011,14.47,159.15,5386,35.012,3.187
14,Meta,10.389,6665704,73322,0.011,14.17,155.85,6180,40.171,3.867
15,Meta,12.832,8421960,92641,0.011,13.85,152.37,6317,41.063,3.2
16,Meta,9.271,5874572,64620,0.011,14.35,157.81,6501,42.259,4.558
17,Meta,16.587,10490084,115390,0.011,14.37,158.12,5814,37.795,2.279
18,Meta,8.841,6243703,68680,0.011,12.87,141.6,5957,38.721,4.38
19,Meta,8.73,4811406,52925,0.011,16.49,181.44,4863,31.612,3.621
20,Meta,10.019,6357520,69932,0.011,14.33,157.6,5091,33.097,3.303
21,Meta,14.713,8471432,93185,0.011,15.79,173.68,6496,42.225,2.87
22,Meta,6.215,3878140,42659,0.011,14.57,160.27,5264,34.219,5.506
23,Meta,8.541,5274673,58021,0.011,14.72,161.93,5747,37.357,4.374
24,Meta,3.112,1897470,20872,0.011,14.91,164.02,4360,28.345,9.108
25,Meta,6.344,3864854,42513,0.011,14.92,164.14,4646,30.201,4.761
26,Meta,10.926,6652059,73172,0.011,14.93,164.24,4356,28.317,2.592
27,Meta,9.66,6370374,70074,0.011,13.79,151.64,5432,35.311,3.655
28,Meta,11.973,7284234,80126,0.011,14.94,164.37,6106,39.691,3.315
29,Meta,6.736,4260801,46868,0.011,14.37,158.1,4339,28.206,4.187
30,Meta,6.288,3712057,40832,0.011,15.4,169.4,4797,31.185,4.959
31,Meta,7.918,4702660,51729,0.011,15.31,168.37,4790,31.136,3.932
32,Meta,28.086,18877420,207651,0.011,13.53,148.78,6915,44.953,1.601
33,Meta,13.676,8877495,97652,0.011,14.0,154.05,7935,51.581,3.772
34,Meta,12.284,8641329,95054,0.011,12.92,142.15,7022,45.646,3.716
35,Meta,5.615,3418077,37598,0.011,14.93,164.26,4897,31.834,5.67
36,Meta,23.51,14344250,157786,0.011,14.9,163.9,6233,40.518,1.723
37,Meta,11.265,5605315,61658,0.011,18.27,200.97,5731,37.257,3.307
38,Meta,13.778,9651812,106169,0.011,12.98,142.75,7509,48.813,3.543
39,Meta,13.572,8682401,95506,0.011,14.21,156.32,6017,39.112,2.882
40,Meta,11.315,9069475,99764,0.011,11.34,124.76,6759,43.935,3.883
41,Meta,9.157,5328111,58609,0.011,15.62,171.86,6270,40.756,4.451
42,Meta,17.013,10259430,112853,0.011,15.08,165.83,6370,41.406,2.434
43,Meta,5.203,3152715,34679,0.011,15.0,165.04,5593,36.359,6.988
44,Meta,10.782,6741657,74158,0.011,14.54,159.93,5563,36.161,3.354
45,Meta,8.259,5009363,55102,0.011,14.99,164.87,5631,36.605,4.432
46,Meta,7.399,4184675,46031,0.011,16.07,176.81,5672,36.874,4.984
47,Meta,13.999,9374371,103118,0.011,13.58,149.33,5751,37.386,2.671
48,Meta,22.076,13511383,148625,0.011,14.85,163.39,7205,46.837,2.122
49,Meta,6.414,4240328,46643,0.011,13.75,151.26,5246,34.105,5.317
50,Meta,6.592,4046000,44506,0.011,14.81,162.93,5396,35.076,5.321
51,Meta,9.309,6601548,72617,0.011,12.82,141.01,5535,35.983,3.866
52,Meta,9.338,5213094,57344,0.011,16.28,179.13,5198,33.787,3.618
53,Meta,18.617,12330286,135633,0.011,13.73,150.99,6479,42.114,2.262
54,Meta,21.055,11457986,126037,0.011,16.71,183.76,6647,43.211,2.052
55,Meta,15.779,8739785,96137,0.011,16.41,180.55,6826,44.375,2.812
56,Meta,14.64,9844157,108285,0.011,13.52,148.72,6694,43.513,2.972
57,Meta,17.015,11624329,127867,0.011,13.31,146.38,6764,43.97,2.584
58,Meta,25.764,17686548,194552,0.011,13.24,145.67,7388,48.027,1.864
59,Meta,15.793,9796326,107759,0.011,14.66,161.21,8441,54.869,3.474
60,Meta,13.542,7732811,85060,0.011,15.92,175.12,8217,53.412,3.944
61,Meta,19.554,11664926,128314,0.011,15.24,167.63,6883,44.742,2.288
62,Meta,18.314,10626302,116889,0.011,15.67,172.34,6248,40.613,2.218
63,Meta,17.114,9018443,99202,0.011,17.25,189.77,6747,43.861,2.563
64,Meta,17.072,11805995,129865,0.011,13.15,144.61,7721,50.189,2.94
65,Meta,13.26,9575777,105333,0.011,12.59,138.48,8829,57.393,4.328
66,Meta,12.135,7831043,86141,0.011,14.09,154.96,6724,43.707,3.602
67,Meta,12.734,8613367,94747,0.011,13.44,147.84,5666,36.835,2.893
68,Meta,22.044,14072493,154797,0.011,14.24,156.64,8194,53.266,2.416
69,Meta,10.114,6258307,68841,0.011,14.69,161.6,6187,40.22,3.977
70,Meta,20.845,12436794,136804,0.011,15.24,167.61,7582,49.285,2.364
71,Meta,12.528,7778536,85563,0.011,14.64,161.06,8464,55.016,4.391
72,Meta,9.407,5593748,61531,0.011,15.29,168.17,6151,39.985,4.251
73,Meta,10.563,6808972,74898,0.011,14.1,155.13,6288,40.872,3.87
74,Meta,18.69,11085571,121941,0.011,15.33,168.59,5639,36.654,1.961
75,Meta,12.947,7511259,82623,0.011,15.67,172.37,7062,45.907,3.546
76,Meta,15.844,10478240,115260,0.011,13.75,151.21,7964,51.772,3.268
77,Meta,17.879,12650063,139150,0.011,12.85,141.33,7268,47.245,2.643
78,Meta,13.304,7085768,77943,0.011,17.07,187.76,7335,47.682,3.584
79,Meta,13.588,7168802,78856,0.011,17.23,189.55,6827,44.38,3.266
80,Meta,19.881,11238751,123626,0.011,16.08,176.9,6827,44.376,2.232
81,Meta,16.474,9678459,106463,0.011,15.47,170.21,6867,44.636,2.71
82,Meta,21.049,13396799,147364,0.011,14.28,157.12,7199,46.794,2.223
83,Meta,26.283,15682450,172506,0.011,15.24,167.6,7926,51.52,1.96
84,Meta,28.52,15371694,169088,0.011,16.87,185.54,7891,51.292,1.798
85,Meta,22.4,14028270,154310,0.011,14.52,159.68,7893,51.306,2.29
86,Meta,27.461,18508894,203597,0.011,13.49,148.37,9136,59.387,2.163
87,Meta,21.097,11767264,129439,0.011,16.3,179.29,7652,49.741,2.358
88,Meta,20.29,12763285,140396,0.011,14.45,158.97,8346,54.251,2.674
89,Meta,12.093,7937554,87313,0.011,13.85,152.35,8019,52.125,4.31
90,Meta,16.369,10100008,111100,0.011,14.73,162.07,7629,49.589,3.029
91,Meta,15.921,9408454,103493,0.011,15.38,169.22,6505,42.288,2.656
92,Meta,12.58,8652691,95179,0.011,13.22,145.39,5760,37.442,2.976
93,Meta,19.123,11008235,121090,0.011,15.79,173.72,7122,46.294,2.421
94,Meta,23.018,13483438,148317,0.011,15.52,170.71,5872,38.174,1.658
95,Meta,16.759,10614746,116762,0.011,14.35,157.89,6853,44.545,2.658
96,Meta,13.329,7881219,86693,0.011,15.37,169.12,7749,50.372,3.779
97,Meta,18.414,12071382,132785,0.011,13.87,152.54,7763,50.463,2.74
98,Meta,13.494,8903152,97934,0.011,13.78,151.57,6729,43.743,3.242
99,Meta,16.474,10015929,110175,0.011,14.95,164.48,7804,50.726,3.079
100,Meta,18.221,12347193,135819,0.011,13.42,147.57,7306,47.49,2.606
101,Meta,18.381,11659091,128250,0.011,14.33,157.65,8477,55.106,2.998
102,Meta,31.883,21305151,234356,0.011,13.6,149.65,9585,62.306,1.954
103,Meta,25.491,13679929,150479,0.011,16.94,186.34,8716,56.656,2.223
104,Meta,15.554,9615086,105765,0.011,14.71,161.77,7533,48.97,3.148
1,Google_Search,6.979,1187602,53442,0.045,13.06,587.69,2295,14.922,2.138
2,Google_Search,4.197,673922,30326,0.045,13.84,622.72,1833,11.916,2.839
3,Google_Search,4.494,754828,33967,0.045,13.23,595.35,2174,14.134,3.145
4,Google_Search,6.999,1112264,50051,0.045,13.98,629.3,3144,20.44,2.92
5,Google_Search,5.327,787159,35422,0.045,15.04,676.77,2755,17.91,3.362
6,Google_Search,8.132,1326187,59678,0.045,13.63,613.17,3409,22.162,2.725
7,Google_Search,4.716,741093,33349,0.045,14.14,636.33,2614,16.997,3.604
8,Google_Search,6.292,1058053,47612,0.045,13.22,594.68,3492,22.699,3.608
9,Google_Search,6.843,1037280,46677,0.045,14.66,659.75,3414,22.192,3.243
10,Google_Search,3.552,523029,23536,0.045,15.09,679.06,1871,12.165,3.425
11,Google_Search,8.831,1342418,60408,0.045,14.62,657.87,3882,25.237,2.858
12,Google_Search,6.249,844847,38018,0.045,16.44,739.65,3235,21.03,3.365
13,Google_Search,5.463,786358,35386,0.045,15.44,694.77,2821,18.341,3.357
14,Google_Search,6.551,1099297,49468,0.045,13.24,595.89,3854,25.051,3.824
15,Google_Search,4.241,696029,31321,0.045,13.54,609.27,1840,11.961,2.82
16,Google_Search,9.098,1233614,55512,0.045,16.39,737.53,4196,27.278,2.998
17,Google_Search,5.708,877573,39490,0.045,14.45,650.42,2903,18.87,3.306
18,Google_Search,6.106,1141741,51378,0.045,11.88,534.79,2825,18.366,3.008
19,Google_Search,7.72,1363580,61361,0.045,12.58,566.17,3679,23.916,3.098
20,Google_Search,5.41,841108,37849,0.045,14.29,643.15,3267,21.239,3.926
21,Google_Search,4.587,821356,36961,0.045,12.41,558.48,2181,14.178,3.091
22,Google_Search,5.487,1203796,54170,0.045,10.13,455.84,2604,16.927,3.085
23,Google_Search,4.219,675231,30385,0.045,13.88,624.78,2338,15.202,3.603
24,Google_Search,6.115,845402,38043,0.045,16.07,723.35,3044,19.786,3.236
25,Google_Search,6.54,971938,43737,0.045,14.95,672.91,3269,21.255,3.25
26,Google_Search,4.488,738501,33232,0.045,13.51,607.76,2370,15.408,3.433
27,Google_Search,7.135,1227910,55255,0.045,12.91,581.07,3034,19.725,2.765
28,Google_Search,6.667,1059700,47686,0.045,13.98,629.14,3369,21.901,3.285
29,Google_Search,8.039,1399235,62965,0.045,12.77,574.52,3925,25.515,3.174
30,Google_Search,5.181,786795,35405,0.045,14.63,658.49,2548,16.568,3.198
31,Google_Search,6.653,1067643,48043,0.045,13.85,623.13,3264,21.22,3.19
32,Google_Search,8.114,1261272,56757,0.045,14.3,643.33,3936,25.587,3.153
33,Google_Search,6.407,987296,44428,0.045,14.42,648.94,3027,19.677,3.071
34,Google_Search,7.111,1340429,60319,0.045,11.79,530.49,3306,21.493,3.023
35,Google_Search,6.718,1096556,49345,0.045,13.61,612.64,3895,25.32,3.769
36,Google_Search,8.655,1511597,68021,0.045,12.72,572.55,3671,23.863,2.757
37,Google_Search,7.663,1304241,58690,0.045,13.06,587.52,3885,25.258,3.296
38,Google_Search,6.857,987240,44425,0.045,15.43,694.57,3446,22.401,3.267
39,Google_Search,11.825,1930314,86864,0.045,13.61,612.6,5364,34.867,2.949
40,Google_Search,13.141,2267173,102022,0.045,12.88,579.64,5776,37.548,2.857
41,Google_Search,7.781,1285436,57844,0.045,13.45,605.35,3533,22.965,2.951
42,Google_Search,5.073,711697,32026,0.045,15.84,712.84,2925,19.018,3.749
43,Google_Search,5.364,794235,35740,0.045,15.01,675.4,2891,18.797,3.504
44,Google_Search,9.908,1651977,74338,0.045,13.33,599.76,4889,31.785,3.208
45,Google_Search,7.907,1231897,55435,0.045,14.26,641.84,3497,22.737,2.876
46,Google_Search,6.039,924902,41620,0.045,14.51,652.92,2895,18.821,3.117
47,Google_Search,8.184,1526176,68677,0.045,11.92,536.22,3456,22.466,2.745
48,Google_Search,7.753,1063968,47878,0.045,16.19,728.64,3735,24.282,3.132
49,Google_Search,8.446,1291153,58101,0.045,14.54,654.14,3880,25.225,2.987
50,Google_Search,6.882,1019739,45888,0.045,15.0,674.86,4447,28.908,4.201
51,Google_Search,8.905,1603519,72158,0.045,12.34,555.31,4589,29.835,3.351
52,Google_Search,7.066,1055404,47493,0.045,14.88,669.53,3162,20.557,2.909
53,Google_Search,4.725,775577,34900,0.045,13.54,609.27,3127,20.331,4.302
54,Google_Search,7.969,1373736,61818,0.045,12.89,580.09,3163,20.562,2.58
55,Google_Search,7.809,1274262,57341,0.045,13.62,612.86,3495,22.724,2.91
56,Google_Search,6.967,1051698,47326,0.045,14.72,662.45,2791,18.146,2.605
57,Google_Search,7.574,979003,44055,0.045,17.19,773.61,3842,24.978,3.298
58,Google_Search,8.144,1456137,65526,0.045,12.43,559.27,3375,21.942,2.694
59,Google_Search,10.339,1568342,70575,0.045,14.65,659.24,4597,29.886,2.891
60,Google_Search,9.065,1261300,56758,0.045,15.97,718.72,4512,29.333,3.236
61,Google_Search,9.548,1538653,69239,0.045,13.79,620.56,4417,28.717,3.008
62,Google_Search,10.182,1559206,70164,0.045,14.51,653.04,5165,33.574,3.297
63,Google_Search,12.917,2332200,104949,0.045,12.31,553.87,5655,36.763,2.846
64,Google_Search,5.67,884289,39793,0.045,14.25,641.18,4471,29.062,5.126
65,Google_Search,11.709,1839301,82768,0.045,14.15,636.61,5410,35.165,3.003
66,Google_Search,7.801,1315374,59191,0.045,13.18,593.07,3923,25.502,3.269
67,Google_Search,6.903,1143565,51460,0.045,13.41,603.67,3571,23.214,3.363
68,Google_Search,8.298,1322116,59495,0.045,13.95,627.64,3581,23.283,2.806
69,Google_Search,8.247,1368212,61569,0.045,13.39,602.74,4033,26.219,3.179
70,Google_Search,9.861,1576534,70944,0.045,13.9,625.51,5394,35.065,3.556
71,Google_Search,7.325,1317791,59300,0.045,12.35,555.86,3860,25.094,3.426
72,Google_Search,10.444,1809340,81420,0.045,12.83,577.25,4398,28.592,2.738
73,Google_Search,8.729,1484415,66798,0.045,13.07,588.04,4442,28.879,3.308
74,Google_Search,7.709,1137900,51205,0.045,15.06,677.51,4095,26.622,3.453
75,Google_Search,7.598,1048925,47201,0.045,16.1,724.32,3668,23.844,3.138
76,Google_Search,7.541,1030708,46381,0.045,16.26,731.59,3444,22.388,2.969
77,Google_Search,9.907,1617919,72806,0.045,13.61,612.31,4885,31.753,3.205
78,Google_Search,6.377,1255515,56498,0.045,11.29,507.93,3675,23.891,3.746
79,Google_Search,14.524,2117403,95283,0.045,15.24,685.92,5975,38.842,2.674
80,Google_Search,10.845,1773252,79796,0.045,13.59,611.61,5197,33.786,3.115
81,Google_Search,6.555,1042796,46925,0.045,13.97,628.65,4253,27.649,4.218
82,Google_Search,7.29,1111609,50022,0.045,14.57,655.83,3487,22.666,3.109
83,Google_Search,12.169,1781362,80161,0.045,15.18,683.12,5960,38.741,3.184
84,Google_Search,11.869,2019738,90888,0.045,13.06,587.66,5037,32.743,2.759
85,Google_Search,11.141,1833587,82511,0.045,13.5,607.59,5059,32.888,2.952
86,Google_Search,8.162,1390175,62557,0.045,13.05,587.1,4451,28.933,3.545
87,Google_Search,10.0,1615615,72702,0.045,13.75,618.94,4429,28.789,2.879
88,Google_Search,9.6,1512054,68042,0.045,14.11,634.87,5344,34.741,3.619
89,Google_Search,9.652,1226672,55200,0.045,17.49,786.85,4599,29.896,3.097
90,Google_Search,10.83,1539674,69285,0.045,15.63,703.42,5483,35.642,3.291
91,Google_Search,7.95,1352757,60874,0.045,13.06,587.69,3962,25.755,3.24
92,Google_Search,13.456,1943614,87462,0.045,15.38,692.31,5685,36.953,2.746
93,Google_Search,10.61,1810144,81456,0.045,13.03,586.14,5284,34.352,3.238
94,Google_Search,9.81,1469072,66108,0.045,14.84,667.77,4532,29.462,3.003
95,Google_Search,11.176,1865548,83949,0.045,13.31,599.07,4642,30.178,2.7
96,Google_Search,10.644,1727624,77743,0.045,13.69,616.11,4754,30.903,2.903
97,Google_Search,13.308,2282259,102701,0.045,12.96,583.11,5775,37.543,2.821
98,Google_Search,10.821,1567532,70538,0.045,15.34,690.3,6878,44.709,4.132
99,Google_Search,9.636,1505927,67766,0.045,14.22,639.88,5381,34.977,3.63
100,Google_Search,9.619,1760003,79200,0.045,12.15,546.53,5331,34.654,3.603
101,Google_Search,15.216,2553116,114890,0.045,13.24,595.98,5398,35.093,2.306
102,Google_Search,6.207,905073,40728,0.045,15.24,685.83,3810,24.769,3.99
103,Google_Search,11.793,1935811,87111,0.045,13.54,609.21,4625,30.067,2.55
104,Google_Search,10.725,1720733,77433,0.045,13.85,623.31,4910,31.919,2.976
1,YouTube,3.825,3092337,12369,0.004,30.93,123.71,10,0.07,0.018
2,YouTube,8.212,7114774,28459,0.004,28.86,115.43,83,0.544,0.066
3,YouTube,4.434,4339158,17356,0.004,25.55,102.18,141,0.92,0.208
4,YouTube,3.427,3121270,12485,0.004,27.45,109.79,172,1.119,0.327
5,YouTube,2.965,3060331,12241,0.004,24.22,96.9,203,1.321,0.446
6,YouTube,6.257,6110494,24441,0.004,25.6,102.4,382,2.485,0.397
7,YouTube,5.7,4963701,19854,0.004,28.71,114.83,397,2.582,0.453
8,YouTube,4.271,4071243,16284,0.004,26.22,104.9,424,2.759,0.646
9,YouTube,5.515,5960034,23840,0.004,23.13,92.53,444,2.892,0.524
10,YouTube,2.839,2347987,9391,0.004,30.23,120.92,469,3.053,1.075
11,YouTube,4.469,3698628,14794,0.004,30.21,120.83,544,3.54,0.792
12,YouTube,3.216,2903664,11614,0.004,27.69,110.76,534,3.474,1.08
13,YouTube,3.769,3341959,13367,0.004,28.19,112.77,435,2.831,0.751
14,YouTube,4.58,4071372,16285,0.004,28.12,112.5,731,4.753,1.038
15,YouTube,5.423,4668589,18674,0.004,29.04,116.16,636,4.134,0.762
16,YouTube,5.526,5463457,21853,0.004,25.28,101.14,711,4.626,0.837
17,YouTube,5.762,5250913,21003,0.004,27.43,109.73,781,5.082,0.882
18,YouTube,3.777,3475068,13900,0.004,27.17,108.67,736,4.787,1.268
19,YouTube,4.535,3880686,15522,0.004,29.22,116.86,816,5.307,1.17
20,YouTube,6.142,5608015,22432,0.004,27.38,109.53,1011,6.572,1.07
21,YouTube,6.156,5385417,21541,0.004,28.58,114.3,1128,7.338,1.192
22,YouTube,4.473,4110200,16440,0.004,27.21,108.82,939,6.106,1.365
23,YouTube,4.416,4022975,16091,0.004,27.44,109.77,1059,6.887,1.559
24,YouTube,1.038,886266,3545,0.004,29.27,117.08,806,5.24,5.05
25,YouTube,3.168,3098175,12392,0.004,25.56,102.24,668,4.347,1.372
26,YouTube,5.889,4924973,19699,0.004,29.9,119.58,885,5.756,0.977
27,YouTube,4.839,4766877,19067,0.004,25.38,101.51,811,5.275,1.09
28,YouTube,3.929,3910892,15643,0.004,25.11,100.45,887,5.772,1.469
29,YouTube,4.947,4454445,17817,0.004,27.76,111.05,818,5.32,1.075
30,YouTube,4.119,4154681,16618,0.004,24.78,99.13,874,5.684,1.38
31,YouTube,3.01,2967274,11869,0.004,25.36,101.44,674,4.383,1.456
32,YouTube,14.593,14538644,58154,0.004,25.09,100.38,1242,8.075,0.553
33,YouTube,4.761,4412934,17651,0.004,26.97,107.9,1191,7.745,1.627
34,YouTube,5.294,5143000,20572,0.004,25.73,102.93,1130,7.351,1.389
35,YouTube,2.936,2845386,11381,0.004,25.8,103.2,1057,6.874,2.341
36,YouTube,8.299,8148507,32594,0.004,25.46,101.85,1159,7.536,0.908
37,YouTube,4.857,4792017,19168,0.004,25.34,101.35,1075,6.989,1.439
38,YouTube,5.82,5105863,20423,0.004,28.5,113.99,1405,9.137,1.57
39,YouTube,4.987,4556684,18226,0.004,27.36,109.45,1022,6.644,1.332
40,YouTube,7.877,7351987,29407,0.004,26.79,107.14,1391,9.043,1.148
41,YouTube,6.253,4863629,19454,0.004,32.14,128.56,1378,8.962,1.433
42,YouTube,10.227,9696650,38786,0.004,26.37,105.47,1464,9.521,0.931
43,YouTube,2.547,2146757,8587,0.004,29.66,118.63,1251,8.136,3.195
44,YouTube,4.81,4471968,17887,0.004,26.89,107.56,1502,9.768,2.031
45,YouTube,4.617,4059663,16238,0.004,28.43,113.74,1331,8.656,1.875
46,YouTube,3.245,2685117,10740,0.004,30.21,120.86,1597,10.381,3.199
47,YouTube,6.095,6371877,25487,0.004,23.92,95.66,1204,7.829,1.284
48,YouTube,7.809,7221569,28886,0.004,27.03,108.13,1408,9.155,1.172
49,YouTube,4.257,4293217,17172,0.004,24.79,99.15,1171,7.612,1.788
50,YouTube,9.973,8662763,34651,0.004,28.78,115.12,1388,9.025,0.905
51,YouTube,6.542,5714347,22857,0.004,28.62,114.49,1227,7.978,1.219
52,YouTube,5.841,6587374,26349,0.004,22.17,88.66,1518,9.871,1.69
53,YouTube,7.711,6577115,26308,0.004,29.31,117.23,1473,9.58,1.242
54,YouTube,5.128,5396610,21586,0.004,23.75,95.01,1743,11.33,2.21
55,YouTube,7.965,7852618,31410,0.004,25.36,101.44,1921,12.491,1.568
56,YouTube,7.202,6194537,24778,0.004,29.07,116.27,1643,10.684,1.483
57,YouTube,5.012,4366899,17467,0.004,28.69,114.78,1686,10.964,2.187
58,YouTube,8.957,8590231,34360,0.004,26.07,104.27,1849,12.024,1.342
59,YouTube,5.705,4241035,16964,0.004,33.63,134.51,1920,12.481,2.188
60,YouTube,6.793,5692209,22768,0.004,29.83,119.33,1601,10.412,1.533
61,YouTube,6.859,6295660,25182,0.004,27.24,108.95,1684,10.951,1.597
62,YouTube,6.444,5736436,22945,0.004,28.08,112.34,1581,10.281,1.595
63,YouTube,8.638,8043725,32174,0.004,26.85,107.39,1850,12.031,1.393
64,YouTube,7.779,7196707,28786,0.004,27.02,108.08,1811,11.776,1.514
65,YouTube,7.717,7633942,30535,0.004,25.27,101.09,1807,11.75,1.523
66,YouTube,10.416,9239000,36956,0.004,28.18,112.74,2206,14.343,1.377
67,YouTube,6.761,6702914,26811,0.004,25.22,100.86,2083,13.545,2.003
68,YouTube,7.5,6926569,27706,0.004,27.07,108.28,1998,12.988,1.732
69,YouTube,5.927,5160876,20643,0.004,28.71,114.85,1963,12.761,2.153
70,YouTube,5.791,6082262,24329,0.004,23.8,95.21,1868,12.145,2.097
71,YouTube,8.845,8202815,32811,0.004,26.96,107.83,2394,15.566,1.76
72,YouTube,6.687,5360249,21440,0.004,31.19,124.76,2093,13.605,2.034
73,YouTube,4.64,4429388,17717,0.004,26.19,104.76,1819,11.824,2.548
74,YouTube,4.296,3866369,15465,0.004,27.78,111.12,1686,10.964,2.552
75,YouTube,7.942,7570655,30282,0.004,26.23,104.9,1721,11.187,1.409
76,YouTube,4.385,4452338,17809,0.004,24.62,98.48,1847,12.007,2.738
77,YouTube,8.863,7463313,29853,0.004,29.69,118.76,1382,8.985,1.014
78,YouTube,5.654,5257410,21029,0.004,26.88,107.53,2105,13.686,2.421
79,YouTube,7.024,6990771,27963,0.004,25.12,100.47,1664,10.821,1.541
80,YouTube,5.35,4316104,17264,0.004,30.99,123.96,1557,10.121,1.892
81,YouTube,6.273,6317637,25270,0.004,24.82,99.29,1657,10.771,1.717
82,YouTube,10.754,9900355,39601,0.004,27.16,108.62,2185,14.203,1.321
83,YouTube,8.705,7160333,28641,0.004,30.39,121.57,2353,15.297,1.757
84,YouTube,5.898,5178483,20713,0.004,28.47,113.89,1801,11.709,1.985
85,YouTube,6.985,6655567,26622,0.004,26.24,104.94,1884,12.248,1.754
86,YouTube,7.365,7039481,28157,0.004,26.16,104.62,2073,13.475,1.83
87,YouTube,7.377,6860178,27440,0.004,26.88,107.53,1920,12.482,1.692
88,YouTube,8.052,6723936,26895,0.004,29.94,119.75,1868,12.143,1.508
89,YouTube,5.471,5062965,20251,0.004,27.01,108.06,1951,12.687,2.319
90,YouTube,6.132,5348259,21393,0.004,28.66,114.66,1887,12.269,2.001
91,YouTube,6.062,5737873,22951,0.004,26.41,105.64,2190,14.238,2.349
92,YouTube,9.76,9658740,38634,0.004,25.26,101.05,1893,12.31,1.261
93,YouTube,6.534,5962958,23851,0.004,27.4,109.58,1815,11.802,1.806
94,YouTube,7.995,6842499,27369,0.004,29.21,116.85,1998,12.988,1.624
95,YouTube,7.524,6344698,25378,0.004,29.65,118.59,2018,13.12,1.744
96,YouTube,8.26,7759188,31036,0.004,26.61,106.46,1819,11.827,1.432
97,YouTube,14.767,14635048,58540,0.004,25.22,100.9,2351,15.288,1.035
98,YouTube,6.566,5682522,22730,0.004,28.89,115.55,2227,14.476,2.205
99,YouTube,7.337,6074519,24298,0.004,30.2,120.78,2014,13.093,1.784
100,YouTube,5.513,4697192,18788,0.004,29.34,117.37,2336,15.189,2.755
101,YouTube,8.772,8047272,32189,0.004,27.25,109.0,2434,15.826,1.804
102,YouTube,6.122,5683600,22734,0.004,26.93,107.71,2511,16.324,2.667
103,YouTube,6.098,5163627,20654,0.004,29.52,118.09,1775,11.542,1.893
104,YouTube,5.681,4497443,17989,0.004,31.58,126.31,1867,12.14,2.137
1,QC_Ads,12.532,7957630,143237,0.018,8.75,157.49,7330,47.651,3.802
2,QC_Ads,12.396,8142331,146561,0.018,8.46,152.24,7275,47.291,3.815
3,QC_Ads,10.975,6401305,115223,0.018,9.52,171.45,8194,53.267,4.854
4,QC_Ads,9.892,6190568,111430,0.018,8.88,159.79,8443,54.88,5.548
5,QC_Ads,7.511,4762729,85729,0.018,8.76,157.7,4705,30.585,4.072
6,QC_Ads,9.766,6224688,112044,0.018,8.72,156.9,7476,48.595,4.976
7,QC_Ads,12.233,8392110,151057,0.018,8.1,145.77,8350,54.276,4.437
8,QC_Ads,7.519,4747296,85451,0.018,8.8,158.38,5281,34.33,4.566
9,QC_Ads,9.408,5598282,100769,0.018,9.34,168.06,6159,40.035,4.255
10,QC_Ads,10.04,6101302,109823,0.018,9.14,164.56,6125,39.818,3.966
11,QC_Ads,12.399,8007770,144139,0.018,8.6,154.84,8665,56.323,4.542
12,QC_Ads,7.392,5162204,92919,0.018,7.95,143.19,5110,33.221,4.494
13,QC_Ads,12.471,6819079,122743,0.018,10.16,182.88,8545,55.545,4.454
14,QC_Ads,9.696,6200382,111606,0.018,8.69,156.38,6140,39.911,4.116
15,QC_Ads,11.557,7651019,137718,0.018,8.39,151.05,8156,53.017,4.588
16,QC_Ads,11.154,6576767,118381,0.018,9.42,169.6,7517,48.863,4.381
17,QC_Ads,9.861,6873512,123723,0.018,7.97,143.47,6482,42.134,4.273
18,QC_Ads,9.824,5218129,93926,0.018,10.46,188.27,7648,49.718,5.061
19,QC_Ads,13.472,7367554,132615,0.018,10.16,182.86,8076,52.498,3.897
20,QC_Ads,8.315,5169638,93053,0.018,8.94,160.84,6354,41.302,4.967
21,QC_Ads,9.726,5628472,101312,0.018,9.6,172.8,6688,43.478,4.47
22,QC_Ads,8.764,5758795,103658,0.018,8.45,152.18,6327,41.126,4.693
23,QC_Ads,9.573,5889058,106003,0.018,9.03,162.55,6760,43.945,4.591
24,QC_Ads,8.234,5120446,92168,0.018,8.93,160.8,6015,39.103,4.749
25,QC_Ads,17.241,10881112,195860,0.018,8.8,158.45,10826,70.371,4.082
26,QC_Ads,12.723,7916959,142505,0.018,8.93,160.7,8928,58.035,4.562
27,QC_Ads,14.152,8580729,154453,0.018,9.16,164.92,9357,60.821,4.298
28,QC_Ads,12.778,7551244,135922,0.018,9.4,169.22,9030,58.697,4.594
29,QC_Ads,12.787,7602093,136837,0.018,9.34,168.2,8225,53.468,4.182
30,QC_Ads,8.599,5156781,92822,0.018,9.26,166.76,6797,44.185,5.138
31,QC_Ads,10.292,6079154,109424,0.018,9.41,169.3,6723,43.705,4.247
32,QC_Ads,15.059,9368194,168627,0.018,8.93,160.75,8156,53.019,3.521
33,QC_Ads,13.573,9410438,169387,0.018,8.01,144.24,9562,62.159,4.58
34,QC_Ads,17.192,12209969,219779,0.018,7.82,140.8,9651,62.733,3.649
35,QC_Ads,7.728,4708218,84747,0.018,9.12,164.14,5605,36.437,4.715
36,QC_Ads,11.433,6511772,117211,0.018,9.75,175.58,8222,53.446,4.675
37,QC_Ads,12.63,7039256,126706,0.018,9.97,179.42,8600,55.902,4.426
38,QC_Ads,9.703,5229008,94122,0.018,10.31,185.57,7810,50.77,5.232
39,QC_Ads,7.789,4985361,89736,0.018,8.68,156.24,6062,39.405,5.059
40,QC_Ads,12.78,8124491,146240,0.018,8.74,157.3,8384,54.499,4.264
41,QC_Ads,11.769,6941261,124942,0.018,9.42,169.55,8522,55.395,4.707
42,QC_Ads,9.306,5451335,98124,0.018,9.48,170.71,6089,39.583,4.253
43,QC_Ads,11.099,6689836,120417,0.018,9.22,165.91,6978,45.357,4.087
44,QC_Ads,12.734,6836669,123060,0.018,10.35,186.26,7484,48.652,3.821
45,QC_Ads,13.91,8769448,157850,0.018,8.81,158.62,9614,62.495,4.493
46,QC_Ads,15.767,9591420,172645,0.018,9.13,164.39,10633,69.116,4.383
47,QC_Ads,17.288,10122070,182197,0.018,9.49,170.79,11690,75.991,4.396
48,QC_Ads,9.096,5118347,92130,0.018,9.87,177.71,6961,45.251,4.975
49,QC_Ads,9.602,5934260,106816,0.018,8.99,161.81,7430,48.3,5.03
50,QC_Ads,12.147,7271503,130887,0.018,9.28,167.05,7345,47.747,3.931
51,QC_Ads,10.169,6787612,122177,0.018,8.32,149.81,6877,44.705,4.396
52,QC_Ads,15.982,9291481,167246,0.018,9.56,172.01,10186,66.212,4.143
53,QC_Ads,19.921,11857152,213428,0.018,9.33,168.01,12218,79.42,3.987
54,QC_Ads,14.904,8245663,148421,0.018,10.04,180.75,11671,75.864,5.09
55,QC_Ads,12.248,7633266,137398,0.018,8.91,160.46,10703,69.573,5.68
56,QC_Ads,18.366,11151410,200725,0.018,9.15,164.7,12298,79.94,4.353
57,QC_Ads,15.734,9571679,172290,0.018,9.13,164.38,11338,73.702,4.684
58,QC_Ads,17.588,11280707,203052,0.018,8.66,155.91,10688,69.476,3.95
59,QC_Ads,20.037,11244611,202402,0.018,9.9,178.19,12590,81.835,4.084
60,QC_Ads,14.43,9809666,176573,0.018,8.17,147.1,10199,66.295,4.594
61,QC_Ads,10.627,7130965,128357,0.018,8.28,149.02,8807,57.246,5.387
62,QC_Ads,15.533,10704879,192687,0.018,8.06,145.11,13248,86.115,5.544
63,QC_Ads,14.39,8592955,154673,0.018,9.3,167.47,10837,70.442,4.895
64,QC_Ads,16.292,9059292,163067,0.018,9.99,179.83,10554,68.604,4.211
65,QC_Ads,11.41,7003163,126056,0.018,9.05,162.93,7360,47.845,4.193
66,QC_Ads,11.022,6540403,117727,0.018,9.36,168.52,7420,48.233,4.376
67,QC_Ads,11.798,6679205,120225,0.018,9.81,176.64,7726,50.225,4.257
68,QC_Ads,16.335,8983375,161700,0.018,10.1,181.83,9739,63.307,3.876
69,QC_Ads,19.178,11911047,214398,0.018,8.95,161.01,13598,88.388,4.609
70,QC_Ads,13.469,7866707,141600,0.018,9.51,171.21,8935,58.082,4.312
71,QC_Ads,14.98,7835509,141039,0.018,10.62,191.18,10291,66.894,4.465
72,QC_Ads,20.96,11897678,214158,0.018,9.79,176.17,12138,78.9,3.764
73,QC_Ads,17.738,11504537,207081,0.018,8.57,154.18,11762,76.459,4.311
74,QC_Ads,14.683,9346924,168244,0.018,8.73,157.09,8170,53.109,3.617
75,QC_Ads,14.42,8560818,154094,0.018,9.36,168.44,12284,79.85,5.538
76,QC_Ads,13.486,6638579,119494,0.018,11.29,203.14,8743,56.836,4.215
77,QC_Ads,10.594,6408407,115351,0.018,9.18,165.31,7298,47.443,4.478
78,QC_Ads,16.715,10659655,191873,0.018,8.71,156.81,12424,80.758,4.831
79,QC_Ads,16.937,9706177,174711,0.018,9.69,174.5,10909,70.911,4.187
80,QC_Ads,17.92,9664984,173969,0.018,10.3,185.41,12215,79.4,4.431
81,QC_Ads,15.717,8763334,157740,0.018,9.96,179.34,9582,62.285,3.963
82,QC_Ads,21.624,12042580,216766,0.018,9.98,179.57,12459,80.988,3.745
83,QC_Ads,11.893,8304288,149477,0.018,7.96,143.22,10715,69.651,5.856
84,QC_Ads,14.93,7873838,141729,0.018,10.53,189.61,11945,77.643,5.201
85,QC_Ads,23.959,14589867,262617,0.018,9.12,164.22,11865,77.126,3.219
86,QC_Ads,20.211,12400190,223203,0.018,9.06,162.99,11935,77.58,3.838
87,QC_Ads,15.746,11101125,199820,0.018,7.88,141.84,11501,74.762,4.748
88,QC_Ads,21.69,14363267,258538,0.018,8.39,151.01,12833,83.42,3.846
89,QC_Ads,15.302,11068483,199232,0.018,7.68,138.25,9492,61.704,4.032
90,QC_Ads,21.943,14352735,258349,0.018,8.49,152.88,12681,82.429,3.756
91,QC_Ads,16.236,10357291,186431,0.018,8.71,156.76,11762,76.456,4.709
92,QC_Ads,17.91,11846610,213238,0.018,8.4,151.18,11834,76.924,4.295
93,QC_Ads,14.863,7956309,143213,0.018,10.38,186.81,12165,79.073,5.32
94,QC_Ads,15.445,9287074,167167,0.018,9.24,166.3,10012,65.08,4.214
95,QC_Ads,15.408,8803232,158458,0.018,9.72,175.03,10790,70.14,4.552
96,QC_Ads,10.698,6637877,119481,0.018,8.95,161.16,7509,48.812,4.563
97,QC_Ads,17.128,10343943,186190,0.018,9.2,165.58,11762,76.455,4.464
98,QC_Ads,15.038,10456436,188215,0.018,7.99,143.81,11072,71.973,4.786
99,QC_Ads,14.03,8703908,156670,0.018,8.96,161.19,9746,63.349,4.515
100,QC_Ads,15.171,10190812,183434,0.018,8.27,148.87,11258,73.18,4.824
101,QC_Ads,12.41,7617364,137112,0.018,9.05,162.91,8157,53.021,4.272
102,QC_Ads,16.714,10012473,180224,0.018,9.27,166.93,10404,67.629,4.046
103,QC_Ads,18.276,10597494,190754,0.018,9.58,172.46,9547,62.057,3.396
104,QC_Ads,18.684,12352378,222342,0.018,8.4,151.26,10601,68.912,3.688
1,Influencers,3.373,1347696,10781,0.008,31.28,250.27,258,1.68,0.498
2,Influencers,3.21,1357318,10858,0.008,29.56,236.51,388,2.523,0.786
3,Influencers,3.324,1285688,10285,0.008,32.32,258.56,458,2.979,0.896
4,Influencers,3.896,1409392,11275,0.008,34.55,276.4,606,3.941,1.012
5,Influencers,3.884,1595032,12760,0.008,30.44,243.49,545,3.549,0.914
6,Influencers,2.577,1140545,9124,0.008,28.24,225.96,564,3.672,1.425
7,Influencers,3.548,1369417,10955,0.008,32.38,259.08,481,3.132,0.883
8,Influencers,4.042,1528825,12230,0.008,33.04,264.36,580,3.772,0.933
9,Influencers,4.708,1933719,15469,0.008,30.44,243.49,811,5.274,1.12
10,Influencers,4.692,1970667,15765,0.008,29.76,238.07,726,4.724,1.007
11,Influencers,4.15,1607722,12861,0.008,32.26,258.11,880,5.723,1.379
12,Influencers,7.299,2914386,23315,0.008,31.31,250.46,981,6.378,0.874
13,Influencers,3.558,1380147,11041,0.008,32.22,257.8,928,6.033,1.696
14,Influencers,5.279,1864363,14914,0.008,35.39,283.15,806,5.243,0.993
15,Influencers,4.197,1733218,13865,0.008,30.27,242.16,743,4.836,1.152
16,Influencers,4.559,1947498,15579,0.008,29.26,234.12,815,5.301,1.163
17,Influencers,4.416,1956529,15652,0.008,28.21,225.71,867,5.636,1.276
18,Influencers,4.247,1506606,12052,0.008,35.24,281.91,733,4.768,1.123
19,Influencers,5.423,2190188,17521,0.008,30.95,247.61,849,5.521,1.018
20,Influencers,4.436,1821818,14574,0.008,30.43,243.48,765,4.975,1.121
21,Influencers,4.346,1744276,13954,0.008,31.14,249.14,830,5.399,1.242
22,Influencers,4.463,1586377,12691,0.008,35.17,281.36,707,4.601,1.031
23,Influencers,3.858,1533845,12270,0.008,31.44,251.53,661,4.3,1.115
24,Influencers,3.167,1147053,9176,0.008,34.52,276.12,690,4.49,1.418
25,Influencers,4.765,1949554,15596,0.008,30.55,244.4,706,4.594,0.964
26,Influencers,3.85,1633318,13066,0.008,29.47,235.73,640,4.16,1.08
27,Influencers,4.356,1768677,14149,0.008,30.79,246.29,899,5.844,1.342
28,Influencers,5.039,2187734,17501,0.008,28.79,230.31,620,4.032,0.8
29,Influencers,3.607,1182458,9459,0.008,38.13,305.08,642,4.174,1.157
30,Influencers,4.973,2037248,16297,0.008,30.51,244.11,618,4.023,0.809
31,Influencers,5.093,2288841,18310,0.008,27.81,222.5,674,4.382,0.861
32,Influencers,3.886,1776424,14211,0.008,27.34,218.73,745,4.847,1.247
33,Influencers,5.472,1918821,15350,0.008,35.64,285.16,1018,6.622,1.21
34,Influencers,3.74,1457530,11660,0.008,32.08,256.62,716,4.66,1.246
35,Influencers,3.766,1430912,11447,0.008,32.9,263.18,599,3.897,1.035
36,Influencers,4.192,1594143,12753,0.008,32.87,262.98,716,4.659,1.111
37,Influencers,5.215,2154911,17239,0.008,30.25,242.0,625,4.066,0.78
38,Influencers,5.042,2099353,16794,0.008,30.02,240.15,790,5.136,1.019
39,Influencers,3.501,1256952,10055,0.008,34.82,278.57,774,5.033,1.438
40,Influencers,3.94,1481232,11849,0.008,33.25,265.96,694,4.512,1.145
41,Influencers,6.319,2417015,19336,0.008,32.68,261.43,873,5.675,0.898
42,Influencers,5.808,2343023,18744,0.008,30.98,247.87,941,6.12,1.054
43,Influencers,4.758,1860448,14883,0.008,31.97,255.73,900,5.856,1.231
44,Influencers,3.398,1426064,11408,0.008,29.78,238.28,697,4.532,1.334
45,Influencers,5.135,1946951,15575,0.008,32.97,263.75,749,4.874,0.949
46,Influencers,3.359,1481572,11852,0.008,28.34,226.74,664,4.319,1.286
47,Influencers,4.512,1735049,13880,0.008,32.51,260.04,794,5.164,1.145
48,Influencers,6.668,2812430,22499,0.008,29.64,237.1,969,6.301,0.945
49,Influencers,5.044,2095512,16764,0.008,30.09,240.7,959,6.234,1.236
50,Influencers,3.485,1375801,11006,0.008,31.67,253.34,730,4.748,1.362
51,Influencers,5.389,2259489,18075,0.008,29.81,238.49,884,5.748,1.067
52,Influencers,5.119,1942258,15538,0.008,32.95,263.57,694,4.517,0.882
53,Influencers,6.43,2526782,20214,0.008,31.81,254.47,800,5.204,0.809
54,Influencers,4.614,1748808,13990,0.008,32.98,263.84,731,4.752,1.03
55,Influencers,6.022,3093088,24744,0.008,24.34,194.7,881,5.728,0.951
56,Influencers,4.362,1653944,13231,0.008,32.97,263.75,882,5.739,1.316
57,Influencers,3.875,1549800,12398,0.008,31.26,250.05,589,3.835,0.99
58,Influencers,7.632,2880713,23045,0.008,33.12,264.93,979,6.366,0.834
59,Influencers,5.968,2170554,17364,0.008,34.37,274.95,1067,6.938,1.163
60,Influencers,4.084,1919216,15353,0.008,26.6,212.79,743,4.834,1.184
61,Influencers,6.171,2576595,20612,0.008,29.94,239.5,1025,6.666,1.08
62,Influencers,5.014,1818970,14551,0.008,34.46,275.64,857,5.575,1.112
63,Influencers,4.034,1572466,12579,0.008,32.07,256.54,797,5.185,1.285
64,Influencers,4.989,1739720,13917,0.008,35.85,286.79,844,5.487,1.1
65,Influencers,7.244,2958880,23671,0.008,30.6,244.82,933,6.068,0.838
66,Influencers,5.531,2252032,18016,0.008,30.7,245.58,976,6.35,1.148
67,Influencers,5.761,2574837,20598,0.008,27.97,223.74,963,6.265,1.088
68,Influencers,5.202,1935613,15484,0.008,33.59,268.75,859,5.587,1.074
69,Influencers,6.416,2539464,20315,0.008,31.58,252.67,992,6.449,1.005
70,Influencers,5.066,2313143,18505,0.008,27.38,219.03,896,5.828,1.15
71,Influencers,5.479,2523594,20188,0.008,27.14,217.1,1042,6.779,1.237
72,Influencers,6.204,2435242,19481,0.008,31.85,254.78,874,5.687,0.917
73,Influencers,4.939,1858169,14865,0.008,33.23,265.82,996,6.48,1.312
74,Influencers,4.287,1512870,12102,0.008,35.42,283.34,701,4.559,1.064
75,Influencers,4.692,1700798,13606,0.008,34.49,275.89,704,4.581,0.976
76,Influencers,6.802,2717422,21739,0.008,31.29,250.32,1057,6.871,1.01
77,Influencers,5.085,2040931,16327,0.008,31.14,249.13,837,5.446,1.071
78,Influencers,7.32,2883698,23069,0.008,31.73,253.84,1219,7.93,1.083
79,Influencers,6.18,2011356,16090,0.008,38.41,307.24,917,5.966,0.965
80,Influencers,6.398,2759133,22073,0.008,28.98,231.88,1183,7.696,1.203
81,Influencers,4.932,2101659,16813,0.008,29.33,234.66,853,5.547,1.125
82,Influencers,7.261,3011742,24093,0.008,30.14,241.09,1116,7.254,0.999
83,Influencers,8.177,3214221,25713,0.008,31.8,254.39,1209,7.861,0.961
84,Influencers,7.759,3033847,24270,0.008,31.97,255.76,1264,8.217,1.059
85,Influencers,5.422,2109636,16877,0.008,32.12,256.99,1041,6.769,1.248
86,Influencers,7.425,2734369,21874,0.008,33.94,271.54,947,6.16,0.83
87,Influencers,5.66,2227905,17823,0.008,31.76,254.06,941,6.121,1.081
88,Influencers,5.811,2461768,19694,0.008,29.51,236.07,1001,6.51,1.12
89,Influencers,7.982,3281577,26252,0.008,30.41,243.25,1176,7.647,0.958
90,Influencers,6.997,2637528,21100,0.008,33.16,265.3,1196,7.774,1.111
91,Influencers,7.117,2900800,23206,0.008,30.67,245.34,1198,7.792,1.095
92,Influencers,5.946,2234343,17874,0.008,33.27,266.14,1098,7.139,1.201
93,Influencers,5.671,2237179,17897,0.008,31.69,253.49,935,6.083,1.073
94,Influencers,5.911,2578364,20626,0.008,28.66,229.26,894,5.815,0.984
95,Influencers,5.927,2564833,20518,0.008,28.88,231.08,806,5.241,0.884
96,Influencers,6.217,2192581,17540,0.008,35.44,283.53,1198,7.79,1.253
97,Influencers,9.617,4087324,32698,0.008,29.41,235.29,1183,7.695,0.8
98,Influencers,8.441,3346536,26772,0.008,31.53,252.23,1281,8.333,0.987
99,Influencers,7.121,3132855,25062,0.008,28.41,227.3,1236,8.039,1.129
100,Influencers,8.251,3268470,26147,0.008,31.55,252.43,1415,9.202,1.115
101,Influencers,5.141,1905838,15246,0.008,33.72,269.73,959,6.239,1.214
102,Influencers,5.953,2423299,19386,0.008,30.71,245.65,922,5.994,1.007
103,Influencers,8.693,3589546,28716,0.008,30.27,242.17,1005,6.534,0.752
104,Influencers,8.77,3685436,29483,0.008,29.75,237.96,1371,8.916,1.017
