week,week_start,geo,revenue_lakh,orders,new_customers,spend_Meta_lakh,spend_Google_Search_lakh,spend_YouTube_lakh,spend_QC_Ads_lakh,spend_Influencers_lakh,spend_Trade_Promo_lakh,price_index,promo_flag,dark_store_count,temp_c,festive_flag,competitor_index
1,2024-10-07,Delhi NCR,27.657,4255,511,2.145,1.166,0.905,2.231,0.665,1.404,0.9887,0,64,21.04,1,0
2,2024-10-14,Delhi NCR,25.517,3926,471,3.931,0.769,1.777,2.302,0.574,0.993,0.9908,0,64,16.65,1,0
3,2024-10-21,Delhi NCR,25.746,3961,475,3.147,0.891,0.887,2.271,0.65,0.899,0.9818,0,65,16.21,1,0
4,2024-10-28,Delhi NCR,29.196,4492,539,2.605,1.371,0.622,1.978,0.676,1.13,1.0042,0,65,16.38,1,0
5,2024-11-04,Delhi NCR,28.889,4444,533,1.602,1.057,0.539,1.577,0.653,1.299,0.9854,0,65,17.08,1,0
6,2024-11-11,Delhi NCR,25.179,3874,465,1.859,1.564,1.378,1.787,0.525,1.317,1.0128,0,66,17.72,1,0
7,2024-11-18,Delhi NCR,24.26,3732,448,2.322,0.856,1.031,2.244,0.682,1.338,1.0147,0,66,16.53,1,0
8,2024-11-25,Delhi NCR,32.246,4961,595,2.11,1.567,0.803,1.356,0.748,0.964,0.9826,0,66,17.78,1,0
9,2024-12-02,Delhi NCR,26.669,4103,492,2.334,1.39,1.279,2.277,0.935,1.064,0.9699,0,67,18.87,0,0
10,2024-12-09,Delhi NCR,29.117,4480,538,2.228,0.627,0.692,1.78,0.97,0.951,1.0047,0,67,15.09,0,0
11,2024-12-16,Delhi NCR,26.448,4069,488,1.687,1.945,0.996,2.769,0.957,0.959,0.9928,0,68,14.63,0,0
12,2024-12-23,Delhi NCR,29.686,4567,548,1.776,1.353,0.626,1.538,1.375,0.807,1.0081,0,68,18.06,0,0
13,2024-12-30,Delhi NCR,30.418,4680,562,2.052,0.987,0.753,2.371,0.715,0.982,1.0052,0,68,18.91,0,0
14,2025-01-06,Delhi NCR,31.544,4853,582,1.923,1.394,0.822,2.003,1.37,1.428,0.9992,0,69,20.41,0,0
15,2025-01-13,Delhi NCR,31.97,4918,590,2.797,0.864,1.082,2.483,0.84,1.601,0.9934,0,69,21.57,0,0
16,2025-01-20,Delhi NCR,29.818,4587,550,2.073,1.92,0.931,2.21,0.913,0.706,1.0078,0,69,22.42,0,0
17,2025-01-27,Delhi NCR,33.069,5087,610,3.038,1.117,1.176,2.555,0.951,0.992,1.0001,0,70,21.19,0,0
18,2025-02-03,Delhi NCR,29.836,4590,551,1.75,0.997,0.772,2.497,0.851,0.673,1.0154,0,70,19.8,0,0
19,2025-02-10,Delhi NCR,37.301,5739,689,1.556,1.636,0.984,2.591,0.955,1.176,0.9973,0,71,20.98,0,0
20,2025-02-17,Delhi NCR,29.602,4554,546,2.217,1.38,1.275,1.606,0.886,0.906,0.9925,0,71,22.83,0,0
21,2025-02-24,Delhi NCR,34.347,5284,634,2.885,0.875,1.275,1.851,0.888,1.013,1.0194,0,71,25.24,0,0
22,2025-03-03,Delhi NCR,34.464,5302,636,1.24,1.156,0.85,1.676,0.821,1.432,0.9948,0,72,26.09,0,0
23,2025-03-10,Delhi NCR,36.303,5585,670,1.91,0.962,0.841,1.726,0.752,1.107,0.9901,0,72,25.48,0,0
24,2025-03-17,Delhi NCR,28.58,4397,528,0.633,0.968,0.212,1.647,0.704,1.149,1.0092,0,73,27.46,0,0
25,2025-03-24,Delhi NCR,32.688,5029,603,1.247,1.07,0.659,2.691,0.865,1.317,0.9856,0,73,26.18,0,0
26,2025-03-31,Delhi NCR,39.185,6028,723,2.174,0.837,0.926,2.91,0.686,1.161,1.0003,0,73,28.29,0,0
27,2025-04-07,Delhi NCR,32.809,5048,606,1.948,1.243,0.976,2.45,0.935,1.063,0.9948,0,74,28.46,0,0
28,2025-04-14,Delhi NCR,42.351,6516,782,2.128,1.392,0.849,2.368,0.978,0.866,1.0009,0,74,30.57,0,0
29,2025-04-21,Delhi NCR,35.562,5471,657,1.285,1.455,0.914,3.043,0.714,1.037,1.0225,0,75,29.68,0,0
30,2025-04-28,Delhi NCR,36.996,5692,683,1.147,1.006,0.922,1.665,1.11,1.126,0.9991,0,75,31.9,0,0
31,2025-05-05,Delhi NCR,35.663,5487,658,1.714,1.175,0.64,1.82,1.214,1.214,1.0067,0,75,32.65,0,0
32,2025-05-12,Delhi NCR,41.512,6386,766,5.613,1.462,3.012,2.775,0.93,1.296,1.0195,0,76,33.77,0,0
33,2025-05-19,Delhi NCR,40.488,6229,747,2.487,1.202,0.882,2.967,1.163,1.296,1.0075,0,76,33.71,0,0
34,2025-05-26,Delhi NCR,44.866,6903,828,2.877,1.112,1.035,3.422,0.785,1.123,1.0191,0,77,30.6,0,0
35,2025-06-02,Delhi NCR,45.852,7054,847,1.08,1.257,0.486,1.564,0.705,0.944,1.0331,0,77,32.73,0,0
36,2025-06-09,Delhi NCR,43.678,6720,806,5.132,1.761,1.572,2.3,0.765,1.206,1.0072,0,78,32.17,0,0
37,2025-06-16,Delhi NCR,39.853,6131,736,2.111,1.497,0.806,2.16,1.019,1.659,1.0121,0,78,32.85,0,0
38,2025-06-23,Delhi NCR,46.55,7162,859,2.842,1.36,1.103,1.748,0.947,1.039,1.0126,0,78,31.5,0,0
39,2025-06-30,Delhi NCR,38.881,5982,718,2.836,2.418,0.913,1.621,0.578,1.007,1.0111,0,79,33.32,0,0
40,2025-07-07,Delhi NCR,37.214,5725,687,2.124,3.071,1.625,2.425,0.707,0.879,1.0123,0,79,33.56,0,0
41,2025-07-14,Delhi NCR,39.977,6150,738,1.434,1.646,1.235,2.188,1.062,1.089,1.0139,0,80,30.89,0,0
42,2025-07-21,Delhi NCR,32.652,5023,603,3.131,0.892,2.143,1.859,1.079,0.912,1.0226,0,80,29.1,0,0
43,2025-07-28,Delhi NCR,35.611,5479,657,1.027,0.956,0.533,2.357,0.796,1.509,1.0002,0,81,31.5,0,1
44,2025-08-04,Delhi NCR,43.54,6698,804,2.307,2.109,0.897,2.429,0.538,1.199,1.0031,0,81,29.13,0,0
45,2025-08-11,Delhi NCR,34.572,5319,638,1.629,1.718,0.939,3.401,1.066,1.303,0.9902,0,81,28.7,0,0
46,2025-08-18,Delhi NCR,34.032,5236,628,1.735,1.099,0.635,2.928,0.623,1.607,1.0078,0,82,25.82,0,0
47,2025-08-25,Delhi NCR,36.696,5646,677,2.648,1.562,1.032,3.13,0.872,1.273,1.0051,0,82,22.04,0,0
48,2025-09-01,Delhi NCR,38.214,5879,705,4.304,1.605,1.395,1.69,1.314,1.16,0.9863,0,83,23.66,0,0
49,2025-09-08,Delhi NCR,36.432,5605,673,1.496,1.863,0.834,1.992,0.946,1.92,0.9801,0,83,22.4,0,0
50,2025-09-15,Delhi NCR,39.265,6041,725,1.357,1.226,1.874,2.348,0.692,1.321,0.9891,0,84,21.48,0,0
51,2025-09-22,Delhi NCR,38.411,5909,709,1.522,1.611,1.205,2.241,1.21,2.088,0.9261,1,84,22.99,0,0
52,2025-09-29,Delhi NCR,58.926,9065,1088,1.741,1.364,1.069,3.306,1.104,1.918,0.9212,1,85,22.49,1,0
53,2025-10-06,Delhi NCR,45.673,7027,843,4.208,1.167,1.658,3.878,1.555,1.493,0.9948,0,85,22.04,1,0
54,2025-10-13,Delhi NCR,40.156,6178,741,3.627,1.707,1.176,2.803,1.064,1.53,0.9978,0,86,19.56,1,0
55,2025-10-20,Delhi NCR,43.067,6626,795,3.612,1.669,1.868,2.7,1.186,1.372,0.9768,0,86,17.82,1,1
56,2025-10-27,Delhi NCR,38.1,5862,703,2.526,1.198,1.797,3.682,1.003,1.698,0.9936,0,86,18.39,1,0
57,2025-11-03,Delhi NCR,38.482,5920,710,3.38,1.415,1.047,2.99,0.877,1.719,1.0015,0,87,17.85,1,0
58,2025-11-10,Delhi NCR,42.975,6612,793,6.534,1.505,1.987,3.316,1.502,1.25,0.9945,0,87,17.12,1,0
59,2025-11-17,Delhi NCR,41.891,6445,773,2.923,1.946,1.121,3.124,1.092,1.424,1.0012,0,88,19.82,1,0
60,2025-11-24,Delhi NCR,39.263,6041,725,3.037,1.798,1.361,3.281,0.807,1.388,0.9701,0,88,14.84,1,0
61,2025-12-01,Delhi NCR,44.397,6830,820,3.558,2.14,1.479,1.802,1.19,1.503,0.994,0,89,17.48,0,0
62,2025-12-08,Delhi NCR,44.799,6892,827,4.677,2.111,1.29,3.135,1.021,0.817,0.9793,0,89,15.16,0,0
63,2025-12-15,Delhi NCR,35.786,5506,661,3.592,2.277,1.734,2.616,0.711,1.529,0.9926,0,90,16.55,0,0
64,2025-12-22,Delhi NCR,42.523,6542,785,2.941,1.228,1.473,2.91,1.001,1.653,0.9917,0,90,16.96,0,0
65,2025-12-29,Delhi NCR,41.433,6374,765,2.892,2.589,1.801,2.206,1.283,1.345,0.9875,0,91,18.99,0,0
66,2026-01-05,Delhi NCR,43.31,6663,800,2.382,1.506,2.084,2.111,1.165,2.102,0.9132,1,91,16.86,0,0
67,2026-01-12,Delhi NCR,40.384,6213,746,2.69,1.361,1.47,2.162,1.124,1.973,0.9051,1,92,20.87,0,0
68,2026-01-19,Delhi NCR,39.398,6061,727,4.544,1.503,1.415,3.138,1.14,1.368,0.9794,0,92,21.29,0,0
69,2026-01-26,Delhi NCR,49.74,7652,918,2.378,1.777,1.04,4.281,0.936,1.028,0.9887,0,93,23.09,0,0
70,2026-02-02,Delhi NCR,43.352,6669,800,4.19,1.89,1.207,2.418,0.978,1.06,0.9776,0,93,21.98,0,0
71,2026-02-09,Delhi NCR,45.399,6984,838,2.35,1.342,1.862,2.674,1.115,1.279,0.9733,0,94,24.26,0,0
72,2026-02-16,Delhi NCR,43.532,6697,804,1.856,2.767,1.502,3.814,1.332,1.496,0.9661,0,94,22.16,0,0
73,2026-02-23,Delhi NCR,39.752,6116,734,2.244,1.722,0.931,3.952,0.961,1.486,0.9795,0,95,23.32,0,0
74,2026-03-02,Delhi NCR,48.51,7463,896,3.42,1.581,1.002,2.871,0.851,0.999,0.9734,0,95,25.47,0,0
75,2026-03-09,Delhi NCR,52.725,8111,973,2.825,1.49,1.633,2.841,0.859,2.035,0.8976,1,96,26.6,0,0
76,2026-03-16,Delhi NCR,57.541,8852,1062,3.749,1.545,1.042,2.568,1.352,1.579,0.9619,0,97,27.51,0,0
77,2026-03-23,Delhi NCR,47.065,7241,869,3.912,1.821,1.78,2.569,1.014,1.707,0.9742,0,97,28.86,0,0
78,2026-03-30,Delhi NCR,64.463,9917,1190,2.546,1.119,1.018,3.27,1.387,1.151,0.9778,0,98,30.4,0,0
79,2026-04-06,Delhi NCR,50.228,7727,927,2.828,2.577,1.413,2.924,1.075,2.038,0.9945,0,98,30.71,0,0
80,2026-04-13,Delhi NCR,63.275,9735,1168,4.934,1.84,0.949,3.56,1.372,2.941,0.9092,1,99,30.91,0,0
81,2026-04-20,Delhi NCR,70.725,10881,1306,3.197,1.234,1.233,3.024,0.881,2.368,0.9021,1,99,30.71,0,0
82,2026-04-27,Delhi NCR,69.542,10699,1284,4.38,1.527,1.782,3.977,1.474,1.765,0.9963,0,100,32.05,0,0
83,2026-05-04,Delhi NCR,49.441,7606,913,5.516,2.678,1.698,1.823,1.534,1.944,1.0177,0,100,32.54,0,0
84,2026-05-11,Delhi NCR,56.452,8685,1042,5.201,2.074,1.132,2.883,1.568,1.435,1.0255,0,101,30.48,0,0
85,2026-05-18,Delhi NCR,67.148,10330,1240,4.914,2.102,1.142,4.572,1.165,1.411,1.0043,0,101,35.07,0,0
86,2026-05-25,Delhi NCR,63.679,9797,1176,6.025,1.57,1.405,4.606,1.48,1.259,1.0128,0,102,33.77,0,0
87,2026-06-01,Delhi NCR,61.749,9500,1140,4.357,1.769,1.368,3.349,1.16,0.913,1.0105,0,103,32.99,0,0
88,2026-06-08,Delhi NCR,76.816,11818,1418,4.478,1.686,1.623,4.751,1.034,2.564,0.914,1,103,29.54,0,0
89,2026-06-15,Delhi NCR,65.277,10043,1205,2.785,2.022,1.101,3.652,1.592,1.991,0.9231,1,104,32.25,0,0
90,2026-06-22,Delhi NCR,62.301,9585,1150,3.368,1.876,1.269,4.626,1.294,1.596,1.0175,0,104,33.04,0,0
91,2026-06-29,Delhi NCR,60.595,9322,1119,3.777,1.567,1.07,3.186,1.444,1.704,1.0199,0,105,34.72,0,0
92,2026-07-06,Delhi NCR,53.947,8299,996,2.6,3.015,1.921,3.847,1.125,1.712,1.0239,0,105,31.27,0,0
93,2026-07-13,Delhi NCR,52.302,8046,966,4.782,1.934,1.273,3.193,1.083,2.426,0.9466,1,106,30.58,0,0
94,2026-07-20,Delhi NCR,54.739,8421,1011,5.52,2.428,1.546,3.058,1.069,1.731,1.0306,0,107,29.69,0,0
95,2026-07-27,Delhi NCR,69.035,10621,1274,4.112,2.138,1.484,3.019,1.3,1.996,0.9399,1,107,30.34,0,0
96,2026-08-03,Delhi NCR,60.958,9378,1125,2.401,2.197,1.645,1.77,1.177,2.287,0.9511,1,108,28.03,0,0
97,2026-08-10,Delhi NCR,68.313,10510,1261,3.538,2.979,2.748,4.201,1.942,1.824,0.9475,1,108,27.42,0,0
98,2026-08-17,Delhi NCR,56.903,8754,1051,2.654,2.098,1.243,2.991,1.926,2.005,1.0128,0,109,24.6,0,0
99,2026-08-24,Delhi NCR,52.512,8079,969,2.731,1.548,1.665,2.481,1.508,1.716,0.991,0,110,27.24,0,0
100,2026-08-31,Delhi NCR,61.726,9496,1140,3.393,1.765,0.968,2.767,1.72,1.637,1.0156,0,110,24.1,0,0
101,2026-09-07,Delhi NCR,56.426,8681,1042,2.875,3.321,1.736,2.139,1.013,1.837,0.9215,1,111,24.38,0,0
102,2026-09-14,Delhi NCR,61.283,9428,1131,6.714,1.337,1.353,3.473,1.348,1.734,0.9336,1,111,25.64,0,0
103,2026-09-21,Delhi NCR,59.866,9210,1105,5.675,2.421,1.326,2.972,1.76,1.6,1.0194,0,112,22.9,0,0
104,2026-09-28,Delhi NCR,58.902,9062,1087,3.157,2.464,1.053,3.412,1.87,2.014,0.9511,1,113,20.62,1,0
1,2024-10-07,Mumbai,26.755,4116,494,1.787,1.448,0.622,2.726,0.607,1.188,0.9832,0,60,21.66,1,0
2,2024-10-14,Mumbai,24.28,3735,448,3.313,0.628,1.6,2.173,0.598,0.962,0.984,0,60,21.98,1,0
3,2024-10-21,Mumbai,25.171,3872,465,2.119,0.748,0.782,1.981,0.602,0.794,0.995,0,60,19.51,1,0
4,2024-10-28,Mumbai,29.299,4508,541,2.53,1.238,0.635,1.696,0.657,0.95,0.9866,0,61,20.98,1,0
5,2024-11-04,Mumbai,21.931,3374,405,1.536,0.857,0.646,1.368,0.75,1.148,0.9736,0,61,17.05,1,0
6,2024-11-11,Mumbai,27.546,4238,509,1.635,1.448,1.029,1.749,0.388,1.229,0.9816,0,61,21.3,1,0
7,2024-11-18,Mumbai,30.541,4699,564,2.393,0.781,1.169,1.992,0.654,0.983,0.9929,0,62,24.11,1,0
8,2024-11-25,Mumbai,24.695,3799,456,2.37,0.955,0.611,1.433,0.792,0.896,0.9929,0,62,18.89,1,0
9,2024-12-02,Mumbai,25.066,3856,463,2.056,1.198,1.025,1.872,0.699,0.951,0.9989,0,62,19.01,0,0
10,2024-12-09,Mumbai,26.438,4067,488,1.681,0.568,0.537,1.611,0.714,0.782,0.9942,0,63,19.78,0,0
11,2024-12-16,Mumbai,27.125,4173,501,1.713,1.602,0.807,2.088,0.795,0.864,1.0213,0,63,22.47,0,0
12,2024-12-23,Mumbai,26.75,4115,494,1.19,1.035,0.528,1.25,1.293,0.803,0.996,0,63,22.49,0,0
13,2024-12-30,Mumbai,29.135,4482,538,2.132,0.965,0.652,2.436,0.666,0.829,0.9921,0,64,19.44,0,0
14,2025-01-06,Mumbai,29.056,4470,536,1.833,0.987,0.895,1.642,0.975,1.557,1.0155,0,64,20.69,0,0
15,2025-01-13,Mumbai,27.986,4306,517,2.819,0.762,1.079,2.003,0.656,1.255,0.9985,0,64,23.58,0,0
16,2025-01-20,Mumbai,29.432,4528,543,1.561,1.489,1.145,1.975,0.922,0.611,0.9985,0,65,26.1,0,0
17,2025-01-27,Mumbai,26.865,4133,496,3.38,0.969,1.076,1.628,0.725,0.877,0.9821,0,65,22.9,0,0
18,2025-02-03,Mumbai,27.084,4167,500,1.613,1.251,0.64,1.857,0.778,0.651,1.0004,0,65,23.34,0,0
19,2025-02-10,Mumbai,28.798,4430,532,1.593,1.246,0.714,2.347,0.864,0.944,1.0069,0,66,24.08,0,0
20,2025-02-17,Mumbai,28.881,4443,533,1.712,0.926,1.11,1.346,0.825,0.89,0.9857,0,66,25.36,0,0
21,2025-02-24,Mumbai,34.866,5364,644,2.22,0.826,1.009,1.918,0.739,0.912,0.9834,0,67,30.26,0,0
22,2025-03-03,Mumbai,33.748,5192,623,0.98,1.007,0.914,1.473,0.756,1.231,0.9873,0,67,28.43,0,0
23,2025-03-10,Mumbai,29.117,4479,538,1.368,0.669,0.715,1.442,0.653,0.858,1.0019,0,67,28.27,0,0
24,2025-03-17,Mumbai,31.614,4864,584,0.606,1.066,0.16,1.586,0.597,0.896,0.999,0,68,34.39,0,0
25,2025-03-24,Mumbai,35.275,5427,651,1.264,1.303,0.541,3.29,0.863,1.376,0.9868,0,68,28.74,0,0
26,2025-03-31,Mumbai,34.641,5329,640,2.216,0.774,1.172,2.452,0.619,1.407,0.9867,0,68,34.75,0,0
27,2025-04-07,Mumbai,34.412,5294,635,1.552,1.39,0.864,3.179,0.725,1.025,0.9924,0,69,29.38,0,0
28,2025-04-14,Mumbai,35.701,5493,659,2.281,1.269,0.719,2.709,0.838,0.865,0.9961,0,69,33.85,0,0
29,2025-04-21,Mumbai,36.121,5557,667,1.167,1.651,1.009,2.406,0.73,0.804,1.0075,0,70,31.7,0,0
30,2025-04-28,Mumbai,31.798,4892,587,1.217,0.923,0.669,1.557,0.99,0.886,1.0177,0,70,33.15,0,0
31,2025-05-05,Mumbai,33.696,5184,622,1.45,1.362,0.613,2.432,0.922,0.951,1.0204,0,70,36.91,0,0
32,2025-05-12,Mumbai,42.873,6596,791,4.519,1.514,2.57,3.145,0.599,1.172,1.0088,0,71,35.44,0,0
33,2025-05-19,Mumbai,44.904,6908,829,3.186,1.095,0.824,2.645,0.81,1.523,1.0131,0,71,36.66,0,0
34,2025-05-26,Mumbai,40.655,6255,751,2.359,1.652,1.02,2.953,0.693,1.06,0.9988,0,72,36.37,0,0
35,2025-06-02,Mumbai,40.582,6243,749,1.095,1.181,0.528,1.287,0.686,1.069,1.004,0,72,38.97,0,0
36,2025-06-09,Mumbai,43.316,6664,800,4.251,1.729,1.541,1.906,0.758,1.028,1.0022,0,72,34.98,0,0
37,2025-06-16,Mumbai,41.773,6427,771,1.973,1.408,0.905,2.514,0.971,1.258,0.9926,0,73,36.09,0,0
38,2025-06-23,Mumbai,43.525,6696,804,2.449,1.247,1.063,1.62,1.033,1.105,1.0063,0,73,36.47,0,0
39,2025-06-30,Mumbai,33.585,5167,620,2.574,2.117,0.894,1.083,0.645,0.959,1.0078,0,73,33.35,0,0
40,2025-07-07,Mumbai,32.995,5076,609,1.976,2.137,1.363,1.995,0.727,0.818,1.0068,0,74,34.06,0,0
41,2025-07-14,Mumbai,33.133,5097,612,1.779,1.501,0.986,2.2,1.196,1.142,1.0022,0,74,34.82,0,0
42,2025-07-21,Mumbai,39.909,6140,737,3.079,0.827,2.014,1.793,0.984,0.937,1.0153,0,75,35.23,0,0
43,2025-07-28,Mumbai,33.003,5077,609,1.078,0.874,0.408,1.884,0.919,1.385,0.9948,0,75,31.97,0,1
44,2025-08-04,Mumbai,32.235,4959,595,1.782,1.841,0.778,2.253,0.658,1.036,0.9961,0,76,30.29,0,0
45,2025-08-11,Mumbai,42.889,6598,792,1.486,1.35,0.918,1.864,1.027,1.427,0.9974,0,76,31.96,0,0
46,2025-08-18,Mumbai,37.282,5736,688,1.17,1.068,0.615,2.6,0.642,1.345,0.9995,0,76,29.45,0,0
47,2025-08-25,Mumbai,36.798,5661,679,2.101,1.656,1.094,2.734,0.792,1.223,0.9872,0,77,27.83,0,0
48,2025-09-01,Mumbai,36.918,5680,682,3.382,1.556,1.335,1.673,1.282,1.18,0.9935,0,77,30.17,0,0
49,2025-09-08,Mumbai,34.13,5251,630,1.087,1.469,0.75,1.709,0.918,1.499,1.0037,0,78,28.74,0,0
50,2025-09-15,Mumbai,30.108,4632,556,1.117,1.411,1.967,2.243,0.731,1.43,0.9973,0,78,23.36,0,0
51,2025-09-22,Mumbai,31.749,4884,586,1.669,1.881,1.276,1.846,0.935,1.825,0.927,1,79,22.63,0,0
52,2025-09-29,Mumbai,42.192,6491,779,1.878,1.047,1.152,2.556,0.963,1.661,0.9034,1,79,25.04,1,0
53,2025-10-06,Mumbai,41.139,6329,759,3.535,0.787,1.451,2.939,0.95,1.279,0.9973,0,79,23.17,1,0
54,2025-10-13,Mumbai,41.059,6317,758,4.128,1.224,1.018,2.813,0.863,1.501,0.993,0,80,22.32,1,0
55,2025-10-20,Mumbai,34.24,5268,632,3.031,1.212,1.347,2.059,1.024,0.935,0.991,0,80,21.1,1,1
56,2025-10-27,Mumbai,44.685,6875,825,2.743,1.176,1.32,3.615,0.757,1.657,0.9888,0,81,18.3,1,0
57,2025-11-03,Mumbai,41.508,6386,766,3.463,1.404,0.863,2.517,0.676,1.822,0.9645,0,81,22.88,1,0
58,2025-11-10,Mumbai,38.855,5978,717,3.586,1.271,1.687,3.149,1.51,1.361,0.9878,0,82,16.88,1,0
59,2025-11-17,Mumbai,42.167,6487,778,2.779,1.95,0.9,3.732,1.038,1.503,0.9715,0,82,20.48,1,0
60,2025-11-24,Mumbai,36.595,5630,676,2.729,1.353,1.057,2.415,0.688,1.183,1.0159,0,82,21.1,1,0
61,2025-12-01,Mumbai,37.609,5786,694,3.515,1.787,1.162,1.95,1.272,1.645,0.9738,0,83,19.05,0,0
62,2025-12-08,Mumbai,37.919,5834,700,2.736,1.884,1.072,2.848,0.864,1.047,0.9914,0,83,19.57,0,0
63,2025-12-15,Mumbai,39.343,6053,726,3.166,2.101,1.519,2.917,0.724,1.427,0.9912,0,84,21.48,0,0
64,2025-12-22,Mumbai,40.284,6198,744,3.166,0.954,1.487,3.292,0.889,1.228,1.0047,0,84,19.97,0,0
65,2025-12-29,Mumbai,41.903,6447,774,2.544,2.319,1.207,1.966,1.172,0.959,0.9872,0,85,23.82,0,0
66,2026-01-05,Mumbai,44.996,6923,831,2.247,1.455,1.875,1.947,0.976,2.365,0.9257,1,85,22.9,0,0
67,2026-01-12,Mumbai,40.97,6303,756,2.191,1.38,1.173,2.558,1.061,2.008,0.9141,1,86,24.23,0,0
68,2026-01-19,Mumbai,45.516,7002,840,4.374,1.552,1.381,3.433,0.814,0.886,0.9821,0,86,24.96,0,0
69,2026-01-26,Mumbai,44.577,6858,823,1.613,1.552,1.144,3.462,1.398,0.823,0.9814,0,87,27.02,0,0
70,2026-02-02,Mumbai,36.242,5576,669,3.794,1.86,0.897,2.404,0.877,0.95,0.9705,0,87,26.51,0,0
71,2026-02-09,Mumbai,38.774,5965,716,2.088,1.3,1.748,2.884,1.003,1.624,0.9845,0,88,26.64,0,0
72,2026-02-16,Mumbai,43.312,6663,800,1.95,2.11,1.287,3.745,1.177,1.653,1.0014,0,88,28.12,0,0
73,2026-02-23,Mumbai,47.493,7307,877,1.918,2.033,0.901,3.207,0.835,1.296,0.9808,0,89,27.94,0,0
74,2026-03-02,Mumbai,47.854,7362,883,3.974,1.294,0.715,3.115,0.794,0.899,0.979,0,89,30.31,0,0
75,2026-03-09,Mumbai,46.39,7137,856,1.924,1.504,1.318,2.393,0.936,1.996,0.8834,1,90,29.01,0,0
76,2026-03-16,Mumbai,47.601,7323,879,2.626,1.228,0.584,2.685,1.397,1.609,0.9669,0,90,30.94,0,0
77,2026-03-23,Mumbai,46.953,7224,867,3.619,1.598,1.55,1.497,0.887,1.279,0.9617,0,91,31.37,0,0
78,2026-03-30,Mumbai,51.585,7936,952,2.656,1.324,0.977,3.166,1.401,1.075,0.978,0,91,31.69,0,0
79,2026-04-06,Mumbai,60.252,9270,1112,2.239,2.888,1.22,2.917,0.993,1.351,0.9927,0,92,34.81,0,0
80,2026-04-13,Mumbai,61.834,9513,1142,3.107,1.776,0.877,2.83,0.982,2.262,0.9204,1,92,35.91,0,0
81,2026-04-20,Mumbai,58.527,9004,1080,2.917,1.169,1.046,2.725,0.902,1.851,0.9313,1,93,33.77,0,0
82,2026-04-27,Mumbai,54.581,8397,1008,3.984,1.283,2.096,3.916,1.439,1.459,0.9967,0,93,34.02,0,0
83,2026-05-04,Mumbai,53.578,8243,989,4.5,2.374,1.447,2.284,1.438,1.695,0.9931,0,94,36.29,0,0
84,2026-05-11,Mumbai,55.031,8466,1016,5.036,2.165,1.023,2.437,1.355,1.275,1.0078,0,94,35.22,0,0
85,2026-05-18,Mumbai,56.795,8738,1049,4.404,2.08,1.156,3.394,0.911,1.352,1.0146,0,95,36.42,0,0
86,2026-05-25,Mumbai,68.263,10502,1260,5.081,1.748,1.425,3.235,1.551,1.268,1.0167,0,95,39.1,0,0
87,2026-06-01,Mumbai,63.222,9726,1167,4.811,1.918,1.42,2.875,1.198,1.056,0.9965,0,96,32.92,0,0
88,2026-06-08,Mumbai,64.939,9991,1199,4.57,1.679,1.576,4.565,1.091,2.147,0.9122,1,96,34.87,0,0
89,2026-06-15,Mumbai,61.401,9446,1134,2.228,1.454,0.813,2.403,1.353,1.84,0.9332,1,97,34.83,0,0
90,2026-06-22,Mumbai,63.39,9752,1170,3.488,2.561,1.177,4.378,1.517,1.56,1.0303,0,97,35.78,0,0
91,2026-06-29,Mumbai,55.529,8543,1025,3.566,1.394,1.149,2.929,1.259,1.48,1.0113,0,98,34.82,0,0
92,2026-07-06,Mumbai,46.563,7164,860,2.856,2.299,1.82,3.368,0.992,1.231,1.0185,0,98,33.49,0,0
93,2026-07-13,Mumbai,54.204,8339,1001,3.939,2.216,1.104,2.411,1.015,3.077,0.9336,1,99,33.92,0,0
94,2026-07-20,Mumbai,45.562,7010,841,5.056,1.565,1.343,3.617,1.008,1.444,1.0129,0,99,30.42,0,0
95,2026-07-27,Mumbai,56.109,8632,1036,3.067,2.386,1.368,2.647,1.02,1.49,0.9499,1,100,33.02,0,0
96,2026-08-03,Mumbai,49.461,7609,913,2.159,1.999,1.454,1.789,1.086,1.675,0.9673,1,100,30.93,0,0
97,2026-08-10,Mumbai,57.28,8812,1057,2.759,2.045,2.457,2.506,1.724,1.813,0.9518,1,101,29.32,0,0
98,2026-08-17,Mumbai,58.022,8926,1071,2.666,1.903,1.126,2.926,1.55,1.432,1.0251,0,102,29.99,0,0
99,2026-08-24,Mumbai,49.393,7599,912,3.45,1.878,1.157,2.506,1.268,1.212,1.0054,0,102,26.0,0,0
100,2026-08-31,Mumbai,53.042,8160,979,3.481,1.788,0.983,3.088,1.442,1.352,1.0032,0,103,27.75,0,0
101,2026-09-07,Mumbai,57.551,8854,1062,3.386,2.307,1.508,2.8,0.871,1.994,0.9343,1,103,26.73,0,0
102,2026-09-14,Mumbai,52.112,8017,962,6.029,1.179,1.1,2.637,0.936,1.643,0.9456,1,104,26.77,0,0
103,2026-09-21,Mumbai,46.795,7199,864,4.183,2.533,1.109,3.551,1.476,1.399,1.0325,0,104,25.25,0,0
104,2026-09-28,Mumbai,59.232,9113,1094,3.098,1.551,1.161,3.143,1.636,1.802,0.9515,1,105,23.59,1,0
1,2024-10-07,Bengaluru,19.445,2991,359,1.889,1.353,0.525,1.674,0.471,1.163,1.0086,0,56,20.88,1,0
2,2024-10-14,Bengaluru,20.912,3217,386,3.523,0.703,1.477,2.253,0.527,0.931,0.9845,0,56,17.22,1,0
3,2024-10-21,Bengaluru,27.814,4279,513,1.692,0.644,0.598,1.816,0.544,0.673,0.9623,0,57,18.05,1,0
4,2024-10-28,Bengaluru,20.464,3148,378,2.384,1.004,0.606,1.521,0.62,0.776,0.9901,0,57,15.1,1,0
5,2024-11-04,Bengaluru,20.169,3103,372,1.566,0.856,0.455,1.049,0.626,1.198,0.9825,0,57,15.03,1,0
6,2024-11-11,Bengaluru,22.438,3452,414,1.387,1.174,0.922,1.519,0.415,1.091,0.987,0,58,14.46,1,0
7,2024-11-18,Bengaluru,20.507,3155,379,1.659,0.742,0.994,2.18,0.528,0.789,1.0015,0,58,16.39,1,0
8,2024-11-25,Bengaluru,25.261,3886,466,1.783,1.059,0.732,1.521,0.639,0.783,0.9851,0,58,15.4,1,0
9,2024-12-02,Bengaluru,24.467,3764,452,1.71,1.037,0.845,1.282,0.666,0.681,0.9907,0,58,18.49,0,0
10,2024-12-09,Bengaluru,21.077,3243,389,1.246,0.542,0.429,1.261,0.924,0.839,1.0047,0,59,16.43,0,0
11,2024-12-16,Bengaluru,26.765,4118,494,1.741,1.346,0.66,2.179,0.658,0.704,1.0061,0,59,17.82,0,0
12,2024-12-23,Bengaluru,21.026,3235,388,1.298,1.014,0.485,0.956,1.202,0.724,0.9936,0,59,16.46,0,0
13,2024-12-30,Bengaluru,22.788,3506,421,1.696,0.939,0.564,2.228,0.594,0.758,1.0049,0,60,18.04,0,0
14,2025-01-06,Bengaluru,21.799,3354,402,1.73,1.031,0.661,1.669,0.713,1.388,0.9936,0,60,18.57,0,0
15,2025-01-13,Bengaluru,22.546,3469,416,1.918,0.593,0.746,1.694,0.711,1.109,1.006,0,60,20.61,0,0
16,2025-01-20,Bengaluru,23.609,3632,436,1.372,1.328,0.946,1.683,0.683,0.629,1.0158,0,61,18.21,0,0
17,2025-01-27,Bengaluru,25.371,3903,468,2.705,0.953,0.997,1.476,0.618,0.913,0.9995,0,61,19.79,0,0
18,2025-02-03,Bengaluru,22.992,3537,424,1.248,1.155,0.57,1.503,0.621,0.591,1.0054,0,61,22.45,0,0
19,2025-02-10,Bengaluru,25.823,3973,477,1.682,1.257,0.748,2.038,0.905,0.921,1.0141,0,62,20.99,0,0
20,2025-02-17,Bengaluru,26.043,4007,481,1.565,0.906,0.978,1.375,0.638,0.646,1.0075,0,62,21.64,0,0
21,2025-02-24,Bengaluru,22.431,3451,414,3.257,0.82,1.024,1.611,0.666,0.776,0.9934,0,62,24.12,0,0
22,2025-03-03,Bengaluru,24.133,3713,446,1.007,0.701,0.854,1.534,0.808,1.183,0.9946,0,63,24.04,0,0
23,2025-03-10,Bengaluru,26.007,4001,480,1.417,0.759,0.69,1.771,0.613,0.862,0.9887,0,63,23.64,0,0
24,2025-03-17,Bengaluru,22.405,3447,414,0.412,1.024,0.155,1.191,0.539,0.881,1.0209,0,64,28.3,0,0
25,2025-03-24,Bengaluru,28.857,4439,533,0.991,1.029,0.607,3.438,0.834,1.446,0.9973,0,64,28.49,0,0
26,2025-03-31,Bengaluru,30.638,4714,566,1.888,0.715,0.962,1.91,0.547,1.088,1.0034,0,64,27.24,0,0
27,2025-04-07,Bengaluru,34.808,5355,643,1.363,1.171,0.793,2.239,0.614,0.812,1.0111,0,65,32.16,0,0
28,2025-04-14,Bengaluru,31.344,4822,579,2.079,1.118,0.66,2.165,0.722,0.633,0.9995,0,65,31.38,0,0
29,2025-04-21,Bengaluru,29.304,4508,541,1.02,1.191,0.868,1.802,0.596,0.892,1.0191,0,65,29.05,0,0
30,2025-04-28,Bengaluru,29.617,4556,547,0.996,0.768,0.674,1.392,0.803,0.794,1.004,0,66,30.35,0,0
31,2025-05-05,Bengaluru,32.394,4984,598,1.263,0.922,0.469,1.516,0.72,0.747,1.0231,0,66,29.14,0,0
32,2025-05-12,Bengaluru,33.385,5136,616,3.718,1.459,2.525,2.186,0.698,1.019,0.9894,0,66,31.34,0,0
33,2025-05-19,Bengaluru,32.938,5067,608,2.404,0.953,0.743,2.198,0.924,1.009,1.0436,0,67,30.91,0,0
34,2025-05-26,Bengaluru,36.641,5637,676,1.804,0.99,0.794,2.682,0.491,1.035,1.0226,0,67,33.51,0,0
35,2025-06-02,Bengaluru,29.073,4473,537,0.899,1.115,0.551,1.348,0.548,0.696,1.02,0,67,29.79,0,0
36,2025-06-09,Bengaluru,38.393,5907,709,4.414,1.18,1.228,1.835,0.658,1.151,1.0179,0,68,31.88,0,0
37,2025-06-16,Bengaluru,34.33,5282,634,1.773,1.189,1.094,2.273,0.823,1.286,1.0047,0,68,30.36,0,0
38,2025-06-23,Bengaluru,39.69,6106,733,2.572,1.213,0.958,1.824,0.739,0.927,1.006,0,69,34.1,0,0
39,2025-06-30,Bengaluru,32.125,4942,593,2.285,1.575,0.739,1.468,0.577,0.761,0.9933,0,69,29.56,0,0
40,2025-07-07,Bengaluru,27.09,4168,500,1.82,2.385,1.142,2.2,0.619,0.766,1.0114,0,69,31.5,0,0
41,2025-07-14,Bengaluru,31.471,4842,581,1.422,1.296,0.848,2.066,1.026,0.998,0.9919,0,70,29.24,0,0
42,2025-07-21,Bengaluru,28.982,4459,535,2.793,1.068,1.839,1.517,0.832,0.718,1.0082,0,70,29.65,0,0
43,2025-07-28,Bengaluru,28.342,4360,523,0.85,0.916,0.403,1.874,0.828,1.237,1.0148,0,70,27.58,0,1
44,2025-08-04,Bengaluru,37.677,5796,696,1.641,1.482,0.95,2.09,0.564,0.758,1.0008,0,71,30.02,0,0
45,2025-08-11,Bengaluru,29.733,4574,549,1.356,1.08,0.799,2.234,0.803,1.179,0.9973,0,71,25.41,0,0
46,2025-08-18,Bengaluru,29.711,4571,549,1.019,0.967,0.571,2.887,0.494,1.157,0.9886,0,72,24.72,0,0
47,2025-08-25,Bengaluru,27.525,4235,508,2.294,1.291,1.027,3.347,0.688,1.204,0.9806,0,72,21.98,0,0
48,2025-09-01,Bengaluru,28.948,4454,534,4.33,1.39,1.456,1.502,1.048,0.895,0.9944,0,72,20.39,0,0
49,2025-09-08,Bengaluru,32.172,4950,594,1.067,1.487,0.688,1.686,0.724,1.311,1.0064,0,73,22.16,0,0
50,2025-09-15,Bengaluru,24.275,3735,448,1.033,1.098,1.715,1.792,0.503,1.151,0.9903,0,73,23.08,0,0
51,2025-09-22,Bengaluru,29.496,4538,545,1.57,1.362,0.922,1.651,0.742,1.182,0.9245,1,74,18.55,0,0
52,2025-09-29,Bengaluru,41.583,6397,768,1.512,1.181,0.854,2.631,0.733,1.626,0.8965,1,74,19.9,1,0
53,2025-10-06,Bengaluru,33.649,5177,621,3.501,0.728,1.352,3.723,0.869,1.244,0.9916,0,74,19.4,1,0
54,2025-10-13,Bengaluru,36.229,5574,669,3.41,1.201,0.738,2.435,0.712,1.325,0.9807,0,75,20.88,1,0
55,2025-10-20,Bengaluru,28.757,4424,531,2.941,1.113,1.299,1.568,1.063,1.019,0.9898,0,75,15.79,1,1
56,2025-10-27,Bengaluru,30.542,4699,564,2.443,1.225,1.07,2.87,0.758,1.67,1.0022,0,76,15.5,1,0
57,2025-11-03,Bengaluru,36.025,5542,665,2.815,1.238,0.979,2.609,0.663,1.292,0.9849,0,76,17.49,1,0
58,2025-11-10,Bengaluru,32.225,4958,595,3.853,1.126,1.254,3.258,1.055,1.183,0.9891,0,77,15.33,1,0
59,2025-11-17,Bengaluru,30.388,4675,561,2.336,1.967,1.046,3.895,1.026,1.109,1.0076,0,77,16.1,1,0
60,2025-11-24,Bengaluru,34.074,5242,629,2.004,1.629,1.128,2.519,0.598,0.985,0.9801,0,77,14.77,1,0
61,2025-12-01,Bengaluru,35.672,5488,659,3.436,1.53,1.038,1.822,0.85,1.266,0.9799,0,78,16.89,0,0
62,2025-12-08,Bengaluru,36.377,5597,672,2.684,1.462,0.96,2.257,0.768,0.655,0.9899,0,78,15.92,0,0
63,2025-12-15,Bengaluru,31.923,4911,589,3.192,1.927,1.161,2.643,0.607,1.756,0.9942,0,79,16.11,0,0
64,2025-12-22,Bengaluru,32.187,4952,594,2.728,0.935,1.116,2.992,0.675,1.144,0.9929,0,79,14.29,0,0
65,2025-12-29,Bengaluru,28.96,4455,535,1.751,1.885,1.155,1.633,1.347,1.109,0.9883,0,80,20.21,0,0
66,2026-01-05,Bengaluru,34.681,5336,640,1.771,1.31,1.808,2.033,0.766,1.556,0.9193,1,80,18.84,0,0
67,2026-01-12,Bengaluru,37.404,5754,691,2.03,1.256,0.955,1.827,0.942,1.608,0.895,1,80,19.83,0,0
68,2026-01-19,Bengaluru,36.584,5628,675,3.1,1.369,1.106,3.156,0.856,1.15,0.9952,0,81,17.64,0,0
69,2026-01-26,Bengaluru,37.848,5823,699,1.44,1.118,0.835,3.376,1.074,0.583,0.9863,0,81,20.92,0,0
70,2026-02-02,Bengaluru,28.667,4410,529,3.284,1.754,1.183,2.417,0.743,0.768,0.9913,0,82,20.37,0,0
71,2026-02-09,Bengaluru,37.174,5719,686,2.422,1.098,1.291,2.651,0.814,1.284,0.9766,0,82,21.55,0,0
72,2026-02-16,Bengaluru,37.834,5821,698,1.497,1.428,1.082,2.627,0.902,1.285,0.9705,0,83,21.65,0,0
73,2026-02-23,Bengaluru,40.048,6161,739,1.832,1.289,0.747,2.928,0.785,1.163,0.981,0,83,22.15,0,0
74,2026-03-02,Bengaluru,33.577,5166,620,2.794,1.195,0.679,2.416,0.69,1.056,0.962,0,84,23.72,0,0
75,2026-03-09,Bengaluru,36.333,5590,671,1.95,1.19,1.112,2.443,0.804,1.669,0.8933,1,84,26.88,0,0
76,2026-03-16,Bengaluru,40.855,6285,754,2.615,1.278,0.716,2.273,1.247,1.317,0.9807,0,84,22.4,0,0
77,2026-03-23,Bengaluru,36.858,5671,680,2.764,1.606,1.426,1.78,0.917,1.063,0.983,0,85,25.38,0,0
78,2026-03-30,Bengaluru,47.039,7237,868,2.274,1.219,0.837,2.969,1.136,1.036,0.9773,0,85,29.23,0,0
79,2026-04-06,Bengaluru,49.409,7601,912,1.954,2.289,1.085,3.345,0.898,1.51,0.9827,0,86,29.37,0,0
80,2026-04-13,Bengaluru,48.958,7532,904,3.689,1.999,0.857,3.209,1.135,1.79,0.9149,1,86,28.62,0,0
81,2026-04-20,Bengaluru,50.729,7804,937,2.851,1.108,0.904,2.702,0.845,1.659,0.9075,1,87,29.27,0,0
82,2026-04-27,Bengaluru,46.634,7174,861,2.699,1.255,1.548,3.969,1.181,1.354,0.9979,0,87,30.47,0,0
83,2026-05-04,Bengaluru,50.635,7790,935,4.475,1.741,1.567,2.162,1.377,1.079,1.0014,0,88,32.13,0,0
84,2026-05-11,Bengaluru,47.338,7283,874,5.271,2.301,1.094,2.364,1.22,1.252,1.0222,0,88,32.39,0,0
85,2026-05-18,Bengaluru,49.546,7622,915,3.235,1.879,1.123,3.657,0.754,1.238,1.0096,0,89,35.0,0,0
86,2026-05-25,Bengaluru,54.98,8458,1015,4.268,1.226,1.184,3.095,1.288,1.477,0.9873,0,89,31.97,0,0
87,2026-06-01,Bengaluru,42.58,6551,786,2.923,1.446,1.191,2.313,0.791,1.015,1.0185,0,90,30.07,0,0
88,2026-06-08,Bengaluru,56.456,8686,1042,3.377,1.801,1.229,3.529,0.955,1.956,0.9251,1,90,29.03,0,0
89,2026-06-15,Bengaluru,43.002,6616,794,2.28,1.365,0.915,2.411,1.247,1.912,0.9175,1,91,31.13,0,0
90,2026-06-22,Bengaluru,49.681,7643,917,2.77,1.675,0.863,3.315,1.161,1.112,1.0117,0,91,31.78,0,0
91,2026-06-29,Bengaluru,47.07,7241,869,3.174,1.347,0.942,2.569,1.146,0.845,1.0106,0,92,29.49,0,0
92,2026-07-06,Bengaluru,39.763,6117,734,2.176,2.416,1.725,2.728,0.892,1.29,1.005,0,92,30.86,0,0
93,2026-07-13,Bengaluru,52.923,8142,977,3.848,1.656,1.053,2.29,0.866,1.885,0.942,1,93,29.25,0,0
94,2026-07-20,Bengaluru,43.128,6635,796,4.296,1.526,1.291,2.213,1.031,1.18,1.0215,0,93,28.96,0,0
95,2026-07-27,Bengaluru,48.739,7498,900,3.36,1.818,1.389,2.565,0.857,1.509,0.9538,1,94,30.22,0,0
96,2026-08-03,Bengaluru,44.028,6774,813,2.267,1.507,1.407,1.635,1.084,1.773,0.9464,1,94,24.82,0,0
97,2026-08-10,Bengaluru,46.892,7214,866,2.641,2.07,2.131,2.546,1.671,1.637,0.9549,1,95,25.29,0,0
98,2026-08-17,Bengaluru,50.542,7776,933,1.727,1.591,0.937,2.052,1.238,1.183,1.0271,0,95,27.42,0,0
99,2026-08-24,Bengaluru,39.696,6107,733,2.484,1.831,1.36,2.352,1.161,1.452,1.012,0,96,24.81,0,0
100,2026-08-31,Bengaluru,44.352,6823,819,2.264,1.568,0.792,2.587,1.503,1.217,1.022,0,96,24.34,0,0
101,2026-09-07,Bengaluru,45.464,6994,839,3.01,2.544,1.53,1.911,0.712,1.678,0.9304,1,97,23.14,0,0
102,2026-09-14,Bengaluru,47.753,7347,882,5.041,0.882,0.979,2.581,0.706,1.668,0.9478,1,97,21.74,0,0
103,2026-09-21,Bengaluru,45.378,6981,838,4.623,1.827,1.015,3.083,1.413,1.422,1.0244,0,98,23.31,0,0
104,2026-09-28,Bengaluru,41.959,6455,775,2.49,1.318,0.923,3.475,1.249,1.736,0.943,1,99,20.1,1,0
1,2024-10-07,Hyderabad,17.718,2726,327,1.266,0.902,0.437,1.617,0.428,0.999,0.984,0,43,22.52,1,0
2,2024-10-14,Hyderabad,17.062,2625,315,2.142,0.488,0.951,1.612,0.325,0.748,0.9921,0,43,19.29,1,0
3,2024-10-21,Hyderabad,15.794,2430,292,1.47,0.66,0.459,0.901,0.437,0.383,1.003,0,44,19.06,1,0
4,2024-10-28,Hyderabad,18.273,2811,337,1.529,0.893,0.446,1.17,0.455,0.718,0.9803,0,44,19.1,1,0
5,2024-11-04,Hyderabad,17.341,2668,320,1.215,0.696,0.297,0.886,0.61,0.722,0.9819,0,44,20.58,1,0
6,2024-11-11,Hyderabad,18.269,2811,337,1.133,0.961,0.642,1.229,0.339,0.786,0.9973,0,44,21.04,1,0
7,2024-11-18,Hyderabad,16.587,2552,306,1.1,0.545,0.537,1.586,0.412,0.534,0.9951,0,45,18.36,1,0
8,2024-11-25,Hyderabad,14.401,2216,266,1.493,0.795,0.563,1.038,0.445,0.579,0.9986,0,45,16.93,1,0
9,2024-12-02,Hyderabad,18.931,2912,349,1.258,0.732,0.728,1.226,0.608,0.557,1.0053,0,45,20.27,0,0
10,2024-12-09,Hyderabad,17.96,2763,332,1.167,0.434,0.383,1.519,0.525,0.577,0.985,0,45,20.53,0,0
11,2024-12-16,Hyderabad,14.891,2291,275,1.046,1.105,0.577,1.33,0.526,0.575,1.001,0,46,17.61,0,0
12,2024-12-23,Hyderabad,18.001,2769,332,1.15,0.67,0.386,0.931,0.941,0.517,0.9993,0,46,16.84,0,0
13,2024-12-30,Hyderabad,19.83,3051,366,1.159,0.7,0.441,1.218,0.408,0.578,1.0047,0,46,23.67,0,0
14,2025-01-06,Hyderabad,19.179,2951,354,1.196,0.795,0.551,1.185,0.766,0.946,0.9974,0,46,19.25,0,0
15,2025-01-13,Hyderabad,18.193,2799,336,1.578,0.524,0.595,1.278,0.54,0.913,0.9908,0,47,22.82,0,0
16,2025-01-20,Hyderabad,18.413,2833,340,1.183,1.121,0.773,1.277,0.459,0.431,1.0063,0,47,22.39,0,0
17,2025-01-27,Hyderabad,19.341,2976,357,1.939,0.695,0.662,0.994,0.536,0.466,1.0036,0,47,23.06,0,0
18,2025-02-03,Hyderabad,18.659,2871,344,1.206,0.798,0.433,1.281,0.557,0.427,1.0141,0,47,23.9,0,0
19,2025-02-10,Hyderabad,19.48,2997,360,1.125,0.906,0.568,1.612,0.783,0.589,1.0047,0,48,25.21,0,0
20,2025-02-17,Hyderabad,19.886,3059,367,1.305,0.563,0.751,0.967,0.576,0.618,1.013,0,48,26.0,0,0
21,2025-02-24,Hyderabad,19.971,3072,369,1.627,0.457,0.69,1.304,0.502,0.602,0.9806,0,48,25.76,0,0
22,2025-03-03,Hyderabad,18.319,2818,338,0.87,0.667,0.485,0.981,0.499,0.8,1.0009,0,48,26.81,0,0
23,2025-03-10,Hyderabad,26.066,4010,481,0.979,0.482,0.657,1.226,0.504,0.564,0.9961,0,49,26.91,0,0
24,2025-03-17,Hyderabad,17.834,2744,329,0.347,0.758,0.133,1.001,0.382,0.598,0.9874,0,49,28.48,0,0
25,2025-03-24,Hyderabad,20.685,3182,382,0.692,0.861,0.303,1.914,0.62,1.177,0.9932,0,49,29.36,0,0
26,2025-03-31,Hyderabad,23.554,3624,435,1.034,0.613,0.689,1.369,0.523,1.066,1.0059,0,49,29.56,0,0
27,2025-04-07,Hyderabad,23.219,3572,429,1.517,0.834,0.576,1.69,0.604,0.626,1.0011,0,50,30.5,0,0
28,2025-04-14,Hyderabad,25.248,3884,466,1.509,0.949,0.452,1.301,0.619,0.51,1.0119,0,50,35.05,0,0
29,2025-04-21,Hyderabad,22.156,3409,409,0.778,1.051,0.576,1.437,0.455,0.656,1.0119,0,50,32.79,0,0
30,2025-04-28,Hyderabad,26.057,4009,481,0.784,0.681,0.536,0.967,0.634,0.675,1.008,0,51,33.61,0,0
31,2025-05-05,Hyderabad,23.635,3636,436,0.967,0.696,0.289,1.32,0.631,0.608,1.0113,0,51,32.66,0,0
32,2025-05-12,Hyderabad,25.727,3958,475,3.176,0.949,1.63,1.548,0.413,0.802,1.0119,0,51,32.01,0,0
33,2025-05-19,Hyderabad,30.553,4700,564,1.55,0.723,0.579,1.683,0.63,0.876,1.0348,0,51,35.44,0,0
34,2025-05-26,Hyderabad,33.775,5196,624,1.42,0.88,0.599,2.343,0.495,0.659,1.0183,0,52,33.67,0,0
35,2025-06-02,Hyderabad,30.052,4623,555,0.604,0.91,0.365,0.801,0.492,0.672,1.0252,0,52,33.33,0,0
36,2025-06-09,Hyderabad,22.869,3518,422,2.724,0.96,0.953,1.665,0.602,0.748,1.0015,0,52,37.43,0,0
37,2025-06-16,Hyderabad,27.853,4285,514,1.553,0.754,0.618,1.301,0.69,0.914,1.0035,0,53,37.49,0,0
38,2025-06-23,Hyderabad,24.656,3793,455,1.603,0.885,0.771,1.079,0.499,0.606,1.0231,0,53,34.03,0,0
39,2025-06-30,Hyderabad,29.168,4487,538,1.533,1.363,0.549,0.81,0.433,0.631,1.0145,0,53,31.78,0,0
40,2025-07-07,Hyderabad,26.078,4012,481,1.327,1.694,0.901,1.588,0.579,0.495,1.0019,0,53,33.35,0,0
41,2025-07-14,Hyderabad,26.412,4063,488,1.214,0.906,0.896,1.281,0.831,0.773,1.0139,0,54,34.74,0,0
42,2025-07-21,Hyderabad,26.462,4071,489,1.912,0.537,1.352,1.061,0.89,0.621,1.0147,0,54,30.79,0,0
43,2025-07-28,Hyderabad,24.585,3782,454,0.587,0.565,0.293,1.281,0.642,0.767,1.0081,0,54,29.88,0,1
44,2025-08-04,Hyderabad,22.29,3429,412,1.453,1.185,0.574,1.471,0.457,0.697,0.9972,0,55,29.96,0,0
45,2025-08-11,Hyderabad,24.348,3746,450,0.952,0.935,0.475,1.619,0.601,0.86,1.0131,0,55,29.16,0,0
46,2025-08-18,Hyderabad,24.769,3811,457,0.757,0.707,0.38,1.917,0.371,0.808,1.0,0,55,28.17,0,0
47,2025-08-25,Hyderabad,25.267,3887,466,1.962,0.954,0.748,2.284,0.494,0.821,0.9903,0,56,27.68,0,0
48,2025-09-01,Hyderabad,24.218,3726,447,2.883,0.819,0.916,0.969,0.667,0.772,0.9798,0,56,26.27,0,0
49,2025-09-08,Hyderabad,20.448,3146,377,0.828,1.009,0.442,1.218,0.656,0.995,0.9996,0,56,26.78,0,0
50,2025-09-15,Hyderabad,25.106,3862,463,0.711,0.895,1.194,1.262,0.433,0.793,1.0054,0,56,25.52,0,0
51,2025-09-22,Hyderabad,24.783,3813,458,1.37,1.015,0.931,1.108,0.635,1.298,0.9098,1,57,22.21,0,0
52,2025-09-29,Hyderabad,26.663,4102,492,1.022,0.947,0.749,1.849,0.528,1.269,0.9011,1,57,24.1,1,0
53,2025-10-06,Hyderabad,23.313,3587,430,2.415,0.523,0.77,2.303,0.857,1.109,1.0052,0,57,21.61,1,0
54,2025-10-13,Hyderabad,25.358,3901,468,2.654,0.981,0.716,1.643,0.528,1.001,1.0031,0,58,19.33,1,0
55,2025-10-20,Hyderabad,23.204,3570,428,1.456,0.929,1.054,1.297,0.754,0.678,0.9785,0,58,21.51,1,1
56,2025-10-27,Hyderabad,28.659,4409,529,1.843,0.88,0.844,2.148,0.442,1.021,0.997,0,58,19.68,1,0
57,2025-11-03,Hyderabad,29.382,4520,542,1.948,0.889,0.617,1.527,0.393,0.821,0.983,0,59,17.91,1,0
58,2025-11-10,Hyderabad,28.059,4317,518,2.909,0.938,1.07,2.157,0.893,0.966,0.9916,0,59,16.51,1,0
59,2025-11-17,Hyderabad,24.402,3754,450,2.366,1.188,0.648,2.542,0.762,1.053,0.9944,0,59,20.34,1,0
60,2025-11-24,Hyderabad,26.49,4075,489,1.71,0.852,0.826,1.965,0.46,0.749,1.0055,0,60,18.5,1,0
61,2025-12-01,Hyderabad,27.089,4168,500,2.741,1.259,0.904,1.231,0.721,0.96,0.9951,0,60,20.06,0,0
62,2025-12-08,Hyderabad,21.191,3260,391,2.01,1.213,0.771,2.098,0.636,0.622,0.9803,0,60,18.44,0,0
63,2025-12-15,Hyderabad,26.789,4121,495,2.105,1.527,0.905,1.476,0.526,1.152,1.0072,0,61,18.69,0,0
64,2025-12-22,Hyderabad,25.585,3936,472,1.748,0.597,0.951,1.866,0.676,1.009,0.9881,0,61,20.41,0,0
65,2025-12-29,Hyderabad,27.798,4277,513,1.544,1.273,1.024,1.576,0.965,1.14,0.9856,0,61,22.66,0,0
66,2026-01-05,Hyderabad,28.596,4399,528,1.66,0.823,1.308,1.22,0.655,1.292,0.8974,1,62,21.57,0,0
67,2026-01-12,Hyderabad,32.043,4930,592,1.532,0.8,0.785,1.615,0.784,1.574,0.8982,1,62,21.33,0,0
68,2026-01-19,Hyderabad,27.579,4243,509,2.158,0.938,1.013,1.934,0.585,0.864,0.9994,0,62,21.71,0,0
69,2026-01-26,Hyderabad,24.929,3835,460,1.075,1.002,0.741,2.092,0.801,0.643,0.9869,0,63,21.35,0,0
70,2026-02-02,Hyderabad,27.365,4210,505,2.226,1.212,0.646,1.737,0.666,0.597,0.9727,0,63,23.36,0,0
71,2026-02-09,Hyderabad,28.993,4460,535,1.319,1.019,0.961,1.49,0.631,1.01,0.9947,0,63,23.85,0,0
72,2026-02-16,Hyderabad,34.386,5290,635,0.92,1.06,0.821,3.253,1.077,1.147,0.9736,0,64,23.12,0,0
73,2026-02-23,Hyderabad,31.008,4770,572,1.21,0.976,0.515,1.888,0.557,0.782,0.9915,0,64,26.43,0,0
74,2026-03-02,Hyderabad,26.633,4097,492,2.167,0.857,0.522,1.406,0.634,0.745,0.9632,0,64,25.42,0,0
75,2026-03-09,Hyderabad,38.802,5969,716,1.74,0.934,1.01,2.024,0.495,1.384,0.9107,1,65,29.65,0,0
76,2026-03-16,Hyderabad,30.862,4748,570,2.032,0.929,0.47,1.472,0.712,1.384,0.9662,0,65,29.51,0,0
77,2026-03-23,Hyderabad,34.803,5354,643,1.684,1.253,0.978,1.179,0.653,0.917,0.9675,0,65,28.49,0,0
78,2026-03-30,Hyderabad,33.196,5107,613,1.546,0.697,0.655,1.881,0.97,0.966,0.9778,0,66,31.47,0,0
79,2026-04-06,Hyderabad,33.784,5198,624,1.709,1.786,0.735,2.011,0.812,1.04,0.9946,0,66,32.64,0,0
80,2026-04-13,Hyderabad,38.032,5851,702,2.404,1.132,0.747,1.832,0.675,1.574,0.9143,1,67,30.85,0,0
81,2026-04-20,Hyderabad,32.607,5016,602,2.053,0.887,0.878,2.036,0.67,1.044,0.9322,1,67,32.55,0,0
82,2026-04-27,Hyderabad,47.994,7384,886,2.764,0.768,1.363,2.682,1.02,1.066,0.9926,0,67,33.04,0,0
83,2026-05-04,Hyderabad,36.343,5591,671,2.95,1.365,1.342,1.818,1.081,0.943,1.0035,0,68,33.38,0,0
84,2026-05-11,Hyderabad,35.804,5508,661,2.815,1.62,0.59,1.638,0.887,0.939,1.0055,0,68,32.61,0,0
85,2026-05-18,Hyderabad,36.315,5587,670,2.363,1.443,0.936,3.285,0.789,0.732,1.0067,0,68,33.29,0,0
86,2026-05-25,Hyderabad,43.995,6769,812,2.662,1.082,0.932,2.382,0.758,0.682,0.9935,0,69,34.02,0,0
87,2026-06-01,Hyderabad,35.928,5527,663,2.444,1.123,0.884,1.902,0.619,0.621,1.0125,0,69,34.66,0,0
88,2026-06-08,Hyderabad,45.638,7021,843,3.153,1.101,0.988,2.496,0.739,1.41,0.9321,1,70,31.28,0,0
89,2026-06-15,Hyderabad,44.046,6776,813,1.67,1.407,0.719,2.123,0.886,1.443,0.9248,1,70,33.76,0,0
90,2026-06-22,Hyderabad,42.015,6464,776,2.3,1.251,0.723,2.592,0.807,1.003,1.008,0,70,33.23,0,0
91,2026-06-29,Hyderabad,36.1,5554,666,1.994,0.964,0.758,1.859,0.68,0.893,1.0243,0,71,33.05,0,0
92,2026-07-06,Hyderabad,31.022,4773,573,1.936,1.279,1.211,2.453,0.728,0.815,1.0208,0,71,33.81,0,0
93,2026-07-13,Hyderabad,36.498,5615,674,2.298,1.224,0.961,1.811,0.587,1.498,0.9304,1,71,32.21,0,0
94,2026-07-20,Hyderabad,33.763,5194,623,3.623,1.215,1.182,2.074,0.719,1.01,1.0255,0,72,30.45,0,0
95,2026-07-27,Hyderabad,37.923,5834,700,2.419,1.152,0.845,1.767,0.603,1.273,0.9444,1,72,30.9,0,0
96,2026-08-03,Hyderabad,35.34,5437,652,1.636,1.295,0.926,1.564,0.791,1.184,0.9532,1,73,31.08,0,0
97,2026-08-10,Hyderabad,36.432,5605,673,2.575,1.518,1.678,1.904,1.161,1.407,0.9482,1,73,30.49,0,0
98,2026-08-17,Hyderabad,30.76,4732,568,1.751,1.431,0.84,1.719,1.029,1.068,1.0223,0,73,25.8,0,0
99,2026-08-24,Hyderabad,30.91,4755,571,2.149,1.165,0.845,1.75,0.844,0.977,1.0218,0,74,28.09,0,0
100,2026-08-31,Hyderabad,31.358,4824,579,2.151,1.004,0.771,1.62,0.909,0.952,1.0113,0,74,27.92,0,0
101,2026-09-07,Hyderabad,36.951,5685,682,2.891,1.778,0.889,1.434,0.645,1.191,0.922,1,75,26.02,0,0
102,2026-09-14,Hyderabad,31.413,4833,580,3.154,0.822,0.813,1.737,0.698,1.204,0.9434,1,75,25.87,0,0
103,2026-09-21,Hyderabad,33.592,5168,620,2.622,1.414,0.726,2.135,0.986,0.805,1.0218,0,76,23.66,0,0
104,2026-09-28,Hyderabad,35.061,5394,647,1.246,1.121,0.709,2.216,1.033,1.535,0.9427,1,76,21.42,1,0
1,2024-10-07,Chennai,14.506,2232,268,0.932,0.67,0.385,1.123,0.313,0.665,0.9966,0,34,21.86,1,0
2,2024-10-14,Chennai,16.483,2536,304,1.734,0.431,0.626,1.199,0.372,0.671,0.975,0,34,21.6,1,0
3,2024-10-21,Chennai,17.192,2645,317,1.369,0.417,0.518,1.19,0.365,0.461,0.9929,0,35,22.21,1,0
4,2024-10-28,Chennai,16.696,2569,308,1.274,0.833,0.325,1.023,0.427,0.549,0.9801,0,35,23.56,1,0
5,2024-11-04,Chennai,15.347,2361,283,0.856,0.58,0.285,0.711,0.381,0.519,0.9882,0,35,20.55,1,0
6,2024-11-11,Chennai,16.115,2479,298,1.053,1.187,0.762,0.998,0.256,0.727,0.9831,0,35,22.67,1,0
7,2024-11-18,Chennai,17.026,2619,314,1.223,0.612,0.574,1.207,0.358,0.534,0.9822,0,35,23.61,1,0
8,2024-11-25,Chennai,16.846,2592,311,1.442,0.523,0.381,0.703,0.368,0.473,0.9802,0,36,22.33,1,0
9,2024-12-02,Chennai,13.056,2009,241,1.106,0.825,0.562,0.867,0.563,0.481,0.9979,0,36,21.96,0,0
10,2024-12-09,Chennai,14.861,2286,274,1.209,0.426,0.253,1.163,0.42,0.489,0.9962,0,36,24.34,0,0
11,2024-12-16,Chennai,15.725,2419,290,1.001,0.951,0.437,1.246,0.435,0.575,1.0006,0,36,22.43,0,0
12,2024-12-23,Chennai,13.837,2129,255,0.888,0.665,0.322,0.778,0.709,0.375,0.9951,0,36,21.96,0,0
13,2024-12-30,Chennai,19.357,2978,357,1.163,0.546,0.413,1.317,0.354,0.556,0.9738,0,37,23.07,0,0
14,2025-01-06,Chennai,16.582,2551,306,0.993,0.661,0.451,1.057,0.428,0.672,0.99,0,37,24.65,0,0
15,2025-01-13,Chennai,16.557,2547,306,1.388,0.402,0.544,1.343,0.401,0.647,0.9993,0,37,24.76,0,0
16,2025-01-20,Chennai,18.198,2800,336,0.897,0.912,0.546,1.381,0.478,0.339,1.0082,0,37,25.83,0,0
17,2025-01-27,Chennai,15.571,2396,287,1.773,0.52,0.493,0.913,0.484,0.484,0.9957,0,37,22.34,0,0
18,2025-02-03,Chennai,14.443,2222,267,0.907,0.587,0.407,0.89,0.382,0.267,0.9971,0,38,26.33,0,0
19,2025-02-10,Chennai,16.326,2512,301,0.945,0.97,0.451,1.438,0.531,0.516,1.0023,0,38,26.14,0,0
20,2025-02-17,Chennai,15.417,2372,285,0.941,0.572,0.639,0.75,0.399,0.535,0.9883,0,38,27.05,0,0
21,2025-02-24,Chennai,15.967,2456,295,1.584,0.467,0.619,1.009,0.428,0.502,0.983,0,38,28.25,0,0
22,2025-03-03,Chennai,20.556,3163,380,0.65,0.523,0.434,0.914,0.493,0.634,0.9943,0,38,32.4,0,0
23,2025-03-10,Chennai,16.587,2552,306,0.943,0.322,0.419,1.06,0.434,0.417,0.994,0,39,29.65,0,0
24,2025-03-17,Chennai,16.709,2571,308,0.269,0.703,0.097,0.807,0.307,0.489,0.9995,0,39,30.58,0,0
25,2025-03-24,Chennai,18.315,2818,338,0.639,0.558,0.308,1.793,0.378,0.732,1.0005,0,39,29.48,0,0
26,2025-03-31,Chennai,18.485,2844,341,1.111,0.486,0.64,1.177,0.468,0.792,1.0073,0,39,30.75,0,0
27,2025-04-07,Chennai,19.44,2991,359,0.862,0.7,0.512,1.307,0.412,0.63,1.0108,0,40,33.55,0,0
28,2025-04-14,Chennai,22.786,3505,421,1.108,0.589,0.32,1.444,0.615,0.492,1.0153,0,40,34.69,0,0
29,2025-04-21,Chennai,18.726,2881,346,0.744,0.958,0.346,1.117,0.285,0.49,0.9857,0,40,36.07,0,0
30,2025-04-28,Chennai,20.309,3124,375,0.588,0.543,0.358,0.841,0.404,0.552,0.9984,0,40,36.18,0,0
31,2025-05-05,Chennai,18.411,2832,340,0.825,0.709,0.284,0.899,0.473,0.519,1.0313,0,40,35.73,0,0
32,2025-05-12,Chennai,23.208,3571,428,3.525,0.837,1.433,1.581,0.344,0.752,1.0169,0,41,38.96,0,0
33,2025-05-19,Chennai,20.307,3124,375,1.478,0.675,0.514,1.043,0.616,0.739,1.0344,0,41,36.56,0,0
34,2025-05-26,Chennai,24.047,3700,444,1.233,0.759,0.564,1.489,0.421,0.68,1.005,0,41,37.13,0,0
35,2025-06-02,Chennai,22.214,3418,410,0.542,0.61,0.266,0.725,0.377,0.456,1.0113,0,41,37.59,0,0
36,2025-06-09,Chennai,26.698,4107,493,2.354,1.012,0.947,1.042,0.454,0.704,1.0044,0,42,37.49,0,0
37,2025-06-16,Chennai,24.644,3791,455,1.215,0.692,0.506,1.51,0.521,0.771,1.0144,0,42,34.42,0,0
38,2025-06-23,Chennai,23.779,3658,439,1.521,0.663,0.57,1.115,0.528,0.485,1.0007,0,42,34.13,0,0
39,2025-06-30,Chennai,20.447,3146,377,1.409,1.193,0.629,0.65,0.391,0.583,0.9959,0,42,38.02,0,0
40,2025-07-07,Chennai,20.525,3158,379,1.063,1.103,0.964,1.448,0.353,0.384,1.0144,0,42,34.08,0,0
41,2025-07-14,Chennai,20.404,3139,377,0.929,0.715,0.684,1.23,0.534,0.565,0.9942,0,43,35.24,0,0
42,2025-07-21,Chennai,18.873,2904,348,1.517,0.51,0.995,0.763,0.619,0.612,1.0205,0,43,33.22,0,0
43,2025-07-28,Chennai,17.429,2681,322,0.455,0.602,0.257,1.276,0.437,0.77,1.0008,0,43,30.86,0,1
44,2025-08-04,Chennai,17.844,2745,329,1.232,0.947,0.448,1.182,0.353,0.679,0.9945,0,43,31.96,0,0
45,2025-08-11,Chennai,23.16,3563,428,0.786,0.692,0.467,1.42,0.535,0.685,0.9707,0,44,32.16,0,0
46,2025-08-18,Chennai,21.084,3244,389,0.748,0.661,0.343,1.812,0.395,0.701,0.9927,0,44,31.02,0,0
47,2025-08-25,Chennai,19.066,2933,352,1.277,0.896,0.618,1.724,0.498,0.675,0.9901,0,44,29.25,0,0
48,2025-09-01,Chennai,19.956,3070,368,1.658,0.717,0.725,0.899,0.697,0.695,1.0003,0,44,30.04,0,0
49,2025-09-08,Chennai,18.404,2831,340,0.672,0.849,0.452,0.843,0.453,0.925,0.9968,0,45,27.5,0,0
50,2025-09-15,Chennai,18.55,2854,342,0.673,0.54,0.975,1.115,0.34,0.796,1.0025,0,45,25.23,0,0
51,2025-09-22,Chennai,18.968,2918,350,0.891,0.84,0.758,1.071,0.509,0.96,0.9075,1,45,25.31,0,0
52,2025-09-29,Chennai,24.279,3735,448,0.942,0.832,0.621,1.535,0.477,1.084,0.9174,1,45,24.91,1,0
53,2025-10-06,Chennai,24.68,3797,456,1.581,0.46,0.844,2.397,0.615,0.837,0.986,0,46,24.15,1,0
54,2025-10-13,Chennai,23.537,3621,435,2.321,0.841,0.445,1.508,0.423,0.605,0.9882,0,46,26.95,1,0
55,2025-10-20,Chennai,18.988,2921,351,1.54,0.952,0.914,1.248,0.571,0.653,1.0055,0,46,22.04,1,1
56,2025-10-27,Chennai,20.887,3213,386,1.534,0.777,0.647,1.669,0.396,0.913,0.9815,0,46,21.05,1,0
57,2025-11-03,Chennai,23.138,3560,427,1.831,0.629,0.406,1.545,0.519,0.794,0.9779,0,47,24.38,1,0
58,2025-11-10,Chennai,25.407,3909,469,2.34,0.797,0.941,1.906,0.677,0.823,0.9818,0,47,21.81,1,0
59,2025-11-17,Chennai,20.595,3169,380,1.785,1.126,0.594,1.953,0.479,0.937,0.9994,0,47,21.57,1,0
60,2025-11-24,Chennai,22.253,3424,411,1.355,1.02,0.829,1.391,0.475,0.534,0.9879,0,47,17.84,1,0
61,2025-12-01,Chennai,22.197,3415,410,1.662,0.97,0.768,1.144,0.599,0.694,0.9852,0,48,20.12,0,0
62,2025-12-08,Chennai,23.688,3644,437,1.583,0.982,0.728,1.634,0.442,0.392,0.9858,0,48,21.22,0,0
63,2025-12-15,Chennai,22.001,3385,406,1.782,1.479,0.876,1.501,0.36,0.693,0.9831,0,48,22.82,0,0
64,2025-12-22,Chennai,22.548,3469,416,1.647,0.609,0.776,1.682,0.461,0.752,0.9865,0,48,21.92,0,0
65,2025-12-29,Chennai,23.593,3630,436,1.453,1.201,0.794,1.099,0.651,0.678,0.989,0,49,21.88,0,0
66,2026-01-05,Chennai,20.559,3163,380,1.231,0.697,1.121,1.132,0.539,0.903,0.9255,1,49,18.91,0,0
67,2026-01-12,Chennai,23.049,3546,426,1.411,0.651,0.699,1.02,0.534,0.996,0.9134,1,49,26.0,0,0
68,2026-01-19,Chennai,22.804,3508,421,2.241,0.906,0.693,1.434,0.613,0.623,0.9874,0,50,24.4,0,0
69,2026-01-26,Chennai,24.454,3762,451,1.243,0.827,0.777,2.136,0.586,0.541,0.9869,0,50,24.74,0,0
70,2026-02-02,Chennai,21.714,3341,401,2.262,1.12,0.555,1.37,0.533,0.567,0.9813,0,50,23.93,0,0
71,2026-02-09,Chennai,22.01,3386,406,1.211,0.665,0.908,1.644,0.641,0.93,0.9801,0,50,26.16,0,0
72,2026-02-16,Chennai,30.946,4761,571,0.876,1.166,0.658,2.595,0.565,0.807,0.9788,0,51,31.05,0,0
73,2026-02-23,Chennai,25.789,3967,476,0.798,0.828,0.504,1.63,0.488,0.785,0.9836,0,51,30.74,0,0
74,2026-03-02,Chennai,23.883,3674,441,2.006,0.802,0.406,1.321,0.324,0.639,0.9731,0,51,29.8,0,0
75,2026-03-09,Chennai,31.25,4808,577,1.277,0.782,0.75,1.539,0.487,0.99,0.8904,1,51,28.91,0,0
76,2026-03-16,Chennai,21.447,3300,396,1.739,0.855,0.373,1.3,0.686,0.813,0.9694,0,52,33.88,0,0
77,2026-03-23,Chennai,25.337,3898,468,2.054,1.199,0.871,0.973,0.627,0.94,0.9807,0,52,30.41,0,0
78,2026-03-30,Chennai,29.398,4523,543,1.568,0.701,0.643,1.581,0.682,0.545,0.9978,0,52,34.03,0,0
79,2026-04-06,Chennai,31.107,4786,574,1.253,1.368,0.768,1.556,0.607,0.952,0.9927,0,53,31.94,0,0
80,2026-04-13,Chennai,34.842,5360,643,1.996,0.981,0.544,1.614,0.579,1.112,0.9168,1,53,34.15,0,0
81,2026-04-20,Chennai,30.804,4739,569,1.782,0.562,0.693,1.659,0.454,0.931,0.9287,1,53,36.78,0,0
82,2026-04-27,Chennai,28.715,4418,530,2.241,0.709,1.042,2.081,0.573,0.821,0.9923,0,54,34.56,0,0
83,2026-05-04,Chennai,31.211,4802,576,3.143,0.945,0.89,0.98,0.849,0.708,1.0002,0,54,37.43,0,0
84,2026-05-11,Chennai,33.375,5135,616,2.415,1.097,0.556,1.573,0.734,0.738,1.0122,0,54,36.67,0,0
85,2026-05-18,Chennai,32.24,4960,595,2.287,1.035,0.731,2.054,0.662,0.657,1.0024,0,54,36.45,0,0
86,2026-05-25,Chennai,28.243,4345,521,2.726,0.748,0.651,1.994,0.658,0.662,1.0016,0,55,35.29,0,0
87,2026-06-01,Chennai,30.428,4681,562,1.939,1.13,0.719,1.467,0.722,0.454,0.9769,0,55,37.36,0,0
88,2026-06-08,Chennai,37.335,5744,689,2.891,1.058,0.827,2.255,0.598,1.152,0.9188,1,55,36.78,0,0
89,2026-06-15,Chennai,33.485,5152,618,1.341,0.97,0.57,1.694,0.777,1.041,0.9117,1,56,37.46,0,0
90,2026-06-22,Chennai,39.283,6044,725,2.113,1.158,0.568,1.941,0.583,0.892,1.0243,0,56,37.01,0,0
91,2026-06-29,Chennai,32.209,4955,595,1.672,0.841,0.724,1.871,0.721,0.744,1.0252,0,56,36.92,0,0
92,2026-07-06,Chennai,25.008,3847,462,1.516,1.274,0.784,1.474,0.717,0.76,1.0105,0,57,35.65,0,0
93,2026-07-13,Chennai,26.896,4138,497,2.25,1.246,0.607,1.393,0.629,1.283,0.935,1,57,35.5,0,0
94,2026-07-20,Chennai,28.509,4386,526,2.513,1.067,0.862,1.608,0.601,0.792,1.0369,0,57,34.04,0,0
95,2026-07-27,Chennai,28.405,4370,524,1.736,0.948,0.729,1.619,0.62,0.812,0.9513,1,57,32.29,0,0
96,2026-08-03,Chennai,29.746,4576,549,1.3,1.043,0.941,0.887,0.634,0.998,0.95,1,58,32.35,0,0
97,2026-08-10,Chennai,34.099,5246,630,1.71,1.131,1.645,1.891,1.054,1.013,0.937,1,58,32.34,0,0
98,2026-08-17,Chennai,32.515,5002,600,1.412,1.051,0.68,1.423,0.845,0.82,1.0046,0,58,30.8,0,0
99,2026-08-24,Chennai,33.001,5077,609,2.04,1.221,0.83,1.48,0.61,0.87,1.0137,0,59,29.47,0,0
100,2026-08-31,Chennai,30.296,4661,559,1.889,1.184,0.525,1.505,0.768,0.836,1.019,0,59,30.02,0,0
101,2026-09-07,Chennai,33.038,5083,610,1.454,1.348,0.929,1.077,0.482,1.082,0.9456,1,59,28.52,0,0
102,2026-09-14,Chennai,29.767,4580,550,3.226,0.617,0.618,1.644,0.59,1.171,0.9372,1,60,25.74,0,0
103,2026-09-21,Chennai,28.724,4419,530,2.394,1.067,0.605,1.939,0.913,0.832,1.0029,0,60,25.33,0,0
104,2026-09-28,Chennai,32.431,4989,599,1.587,1.178,0.498,1.764,0.865,1.138,0.9558,1,60,25.31,1,0
1,2024-10-07,Kolkata,12.305,1893,227,0.959,0.675,0.312,1.232,0.407,0.726,1.0147,0,28,21.79,1,0
2,2024-10-14,Kolkata,15.652,2408,289,1.784,0.444,0.757,1.249,0.325,0.586,0.9796,0,28,20.57,1,0
3,2024-10-21,Kolkata,12.425,1912,229,1.425,0.444,0.466,1.05,0.312,0.476,1.0105,0,28,20.7,1,0
4,2024-10-28,Kolkata,15.307,2355,283,1.814,0.624,0.315,1.298,0.483,0.567,0.9963,0,29,19.52,1,0
5,2024-11-04,Kolkata,14.989,2306,277,0.817,0.593,0.337,0.929,0.36,0.542,0.9857,0,29,17.82,1,0
6,2024-11-11,Kolkata,14.893,2291,275,1.027,0.548,0.565,1.148,0.257,0.692,0.9831,0,29,20.58,1,0
7,2024-11-18,Kolkata,15.298,2354,282,1.214,0.49,0.531,1.142,0.351,0.489,0.9813,0,29,22.9,1,0
8,2024-11-25,Kolkata,13.46,2071,248,1.372,0.55,0.421,0.736,0.407,0.436,0.9913,0,29,17.69,1,0
9,2024-12-02,Kolkata,12.964,1994,239,1.162,0.617,0.426,0.948,0.459,0.458,0.9978,0,29,17.41,0,0
10,2024-12-09,Kolkata,14.353,2208,265,0.98,0.424,0.249,1.138,0.47,0.415,1.007,0,30,19.47,0,0
11,2024-12-16,Kolkata,16.849,2592,311,1.021,0.686,0.481,1.174,0.354,0.545,0.9825,0,30,21.89,0,0
12,2024-12-23,Kolkata,13.526,2081,250,0.824,0.59,0.38,0.695,0.685,0.516,0.9915,0,30,20.09,0,0
13,2024-12-30,Kolkata,14.537,2236,268,1.001,0.528,0.347,1.124,0.299,0.443,1.0129,0,30,19.4,0,0
14,2025-01-06,Kolkata,13.442,2068,248,0.971,0.801,0.474,1.042,0.508,0.697,0.994,0,30,20.67,0,0
15,2025-01-13,Kolkata,17.436,2682,322,1.235,0.411,0.539,1.044,0.475,0.689,0.9954,0,30,20.26,0,0
16,2025-01-20,Kolkata,15.686,2413,290,0.999,0.937,0.517,1.075,0.49,0.378,1.0065,0,31,20.58,0,0
17,2025-01-27,Kolkata,14.589,2244,269,1.531,0.479,0.624,1.001,0.528,0.516,1.0065,0,31,22.63,0,0
18,2025-02-03,Kolkata,16.117,2480,298,0.702,0.534,0.352,0.871,0.392,0.336,1.0098,0,31,24.41,0,0
19,2025-02-10,Kolkata,17.893,2753,330,0.705,0.875,0.415,1.307,0.486,0.61,0.9872,0,31,25.11,0,0
20,2025-02-17,Kolkata,15.87,2442,293,0.967,0.49,0.595,0.89,0.414,0.397,1.0097,0,31,26.7,0,0
21,2025-02-24,Kolkata,15.883,2444,293,1.536,0.482,0.605,0.917,0.463,0.451,0.9854,0,31,27.68,0,0
22,2025-03-03,Kolkata,17.949,2761,331,0.626,0.568,0.361,1.002,0.451,0.656,0.9951,0,32,26.61,0,0
23,2025-03-10,Kolkata,17.237,2652,318,0.886,0.46,0.439,0.919,0.359,0.596,1.0076,0,32,32.37,0,0
24,2025-03-17,Kolkata,13.251,2039,245,0.309,0.645,0.117,0.781,0.276,0.419,0.9968,0,32,27.78,0,0
25,2025-03-24,Kolkata,18.493,2845,341,0.596,0.598,0.373,1.87,0.523,0.636,0.9856,0,32,30.68,0,0
26,2025-03-31,Kolkata,21.972,3380,406,0.979,0.497,0.505,1.209,0.448,0.574,1.0112,0,32,31.74,0,0
27,2025-04-07,Kolkata,22.913,3525,423,0.821,0.779,0.434,1.413,0.418,0.547,1.0012,0,33,33.08,0,0
28,2025-04-14,Kolkata,21.884,3367,404,1.089,0.607,0.405,1.459,0.458,0.435,1.0047,0,33,32.31,0,0
29,2025-04-21,Kolkata,20.991,3229,388,0.697,0.726,0.472,1.27,0.368,0.554,1.0104,0,33,33.67,0,0
30,2025-04-28,Kolkata,22.82,3511,421,0.628,0.573,0.451,0.803,0.478,0.438,1.0102,0,33,35.12,0,0
31,2025-05-05,Kolkata,19.532,3005,361,0.799,0.783,0.3,1.0,0.573,0.463,1.001,0,33,34.97,0,0
32,2025-05-12,Kolkata,20.562,3163,380,2.718,0.773,1.712,1.637,0.383,0.636,1.0093,0,33,32.79,0,0
33,2025-05-19,Kolkata,19.98,3074,369,1.255,0.852,0.491,1.358,0.502,0.599,1.0046,0,34,33.67,0,0
34,2025-05-26,Kolkata,23.67,3642,437,1.218,0.764,0.636,1.249,0.397,0.589,1.0185,0,34,34.69,0,0
35,2025-06-02,Kolkata,22.953,3531,424,0.542,0.62,0.278,0.744,0.38,0.586,1.0276,0,34,35.06,0,0
36,2025-06-09,Kolkata,24.891,3829,460,2.299,0.763,0.819,1.076,0.382,0.598,1.0036,0,34,37.3,0,0
37,2025-06-16,Kolkata,20.736,3190,383,1.111,0.791,0.408,1.318,0.412,0.672,1.0398,0,34,33.37,0,0
38,2025-06-23,Kolkata,23.438,3606,433,1.184,0.776,0.618,1.198,0.59,0.512,0.9991,0,35,32.66,0,0
39,2025-06-30,Kolkata,18.355,2824,339,1.399,1.061,0.526,0.837,0.34,0.595,0.9952,0,35,35.72,0,0
40,2025-07-07,Kolkata,18.551,2854,342,1.197,1.043,0.815,1.415,0.434,0.473,1.0157,0,35,34.06,0,0
41,2025-07-14,Kolkata,16.863,2594,311,1.102,0.715,0.724,1.256,0.645,0.57,1.0094,0,35,31.18,0,0
42,2025-07-21,Kolkata,21.335,3282,394,1.94,0.5,1.069,0.994,0.671,0.433,1.0021,0,35,32.41,0,0
43,2025-07-28,Kolkata,18.483,2843,341,0.522,0.58,0.305,0.89,0.443,0.82,0.9972,0,35,32.91,0,1
44,2025-08-04,Kolkata,21.108,3247,390,1.028,0.816,0.553,1.193,0.34,0.602,1.0103,0,36,29.63,0,0
45,2025-08-11,Kolkata,21.386,3290,395,0.84,0.715,0.425,1.461,0.473,0.798,0.9909,0,36,27.56,0,0
46,2025-08-18,Kolkata,19.617,3018,362,0.741,0.561,0.262,1.56,0.367,0.686,1.0146,0,36,30.73,0,0
47,2025-08-25,Kolkata,22.914,3525,423,1.358,0.858,0.7,1.481,0.479,0.754,1.013,0,36,29.31,0,0
48,2025-09-01,Kolkata,18.037,2775,333,2.21,0.971,0.779,1.016,0.649,0.663,0.9751,0,36,25.7,0,0
49,2025-09-08,Kolkata,20.746,3192,383,0.654,0.9,0.5,0.852,0.519,0.919,0.9897,0,37,27.79,0,0
50,2025-09-15,Kolkata,18.561,2856,343,0.581,0.656,0.924,1.225,0.363,0.732,1.0025,0,37,23.08,0,0
51,2025-09-22,Kolkata,20.695,3184,382,0.925,0.824,0.727,0.984,0.536,1.223,0.9079,1,37,21.21,0,0
52,2025-09-29,Kolkata,20.812,3202,384,0.924,0.805,0.7,1.547,0.477,1.298,0.9208,1,37,21.27,1,0
53,2025-10-06,Kolkata,26.143,4022,483,1.707,0.514,0.7,2.233,0.63,1.014,0.9868,0,37,25.68,1,0
54,2025-10-13,Kolkata,20.958,3224,387,2.231,0.743,0.531,1.664,0.388,0.838,0.9767,0,38,20.88,1,0
55,2025-10-20,Kolkata,21.986,3382,406,1.641,0.894,0.816,1.617,0.662,0.499,1.0075,0,38,22.86,1,1
56,2025-10-27,Kolkata,25.259,3886,466,1.577,0.776,0.722,1.598,0.468,1.107,1.0079,0,38,19.36,1,0
57,2025-11-03,Kolkata,22.387,3444,413,1.517,0.806,0.515,1.781,0.3,0.75,0.9996,0,38,20.76,1,0
58,2025-11-10,Kolkata,21.187,3259,391,2.47,1.059,0.903,1.862,0.843,0.737,1.0149,0,39,20.18,1,0
59,2025-11-17,Kolkata,23.938,3683,442,1.505,0.96,0.574,1.778,0.617,0.757,0.9932,0,39,20.28,1,0
60,2025-11-24,Kolkata,21.781,3351,402,1.14,0.859,0.618,1.551,0.44,0.538,0.9775,0,39,19.34,1,0
61,2025-12-01,Kolkata,21.257,3270,392,2.006,0.922,0.719,1.022,0.605,0.752,0.9986,0,39,18.69,0,0
62,2025-12-08,Kolkata,22.654,3485,418,1.771,1.11,0.626,1.704,0.572,0.353,0.9841,0,39,20.88,0,0
63,2025-12-15,Kolkata,22.924,3527,423,1.47,1.645,0.769,1.452,0.401,0.784,0.9876,0,40,21.18,0,0
64,2025-12-22,Kolkata,21.654,3331,400,1.677,0.581,0.719,1.514,0.55,0.852,0.9876,0,40,20.61,0,0
65,2025-12-29,Kolkata,16.783,2582,310,1.148,1.163,0.653,1.394,0.722,0.646,0.979,0,40,17.94,0,0
66,2026-01-05,Kolkata,22.797,3507,421,0.952,0.749,0.859,1.14,0.639,0.994,0.9249,1,40,18.99,0,0
67,2026-01-12,Kolkata,21.957,3378,405,1.278,0.673,0.647,1.212,0.56,1.274,0.9078,1,40,24.07,0,0
68,2026-01-19,Kolkata,24.669,3795,455,2.211,0.83,0.795,1.715,0.461,0.731,0.9786,0,41,22.4,0,0
69,2026-01-26,Kolkata,21.643,3330,400,0.772,0.967,0.476,1.814,0.562,0.454,0.994,0,41,23.75,0,0
70,2026-02-02,Kolkata,21.67,3334,400,2.082,0.707,0.58,1.202,0.577,0.544,0.9684,0,41,23.53,0,0
71,2026-02-09,Kolkata,24.496,3769,452,1.24,0.701,0.797,1.638,0.574,0.815,0.9885,0,41,24.07,0,0
72,2026-02-16,Kolkata,24.922,3834,460,0.867,0.997,0.714,2.253,0.536,1.018,0.9879,0,42,24.91,0,0
73,2026-02-23,Kolkata,23.936,3683,442,1.149,0.932,0.417,1.559,0.484,0.679,0.9754,0,42,27.86,0,0
74,2026-03-02,Kolkata,24.801,3816,458,1.881,0.779,0.438,1.565,0.474,0.641,0.9889,0,42,26.82,0,0
75,2026-03-09,Kolkata,28.845,4438,533,1.526,0.735,0.752,1.605,0.386,1.005,0.8949,1,42,28.84,0,0
76,2026-03-16,Kolkata,28.626,4404,528,1.409,0.698,0.49,1.591,0.734,0.836,0.9901,0,43,27.13,0,0
77,2026-03-23,Kolkata,25.435,3913,470,1.99,1.005,0.875,0.979,0.545,0.867,0.9871,0,43,30.07,0,0
78,2026-03-30,Kolkata,23.197,3569,428,1.219,0.543,0.55,1.624,0.623,0.553,0.9802,0,43,29.61,0,0
79,2026-04-06,Kolkata,26.955,4147,498,1.333,1.672,0.758,1.58,0.703,0.992,1.0025,0,43,29.96,0,0
80,2026-04-13,Kolkata,36.715,5648,678,1.787,1.196,0.532,1.719,0.663,1.344,0.9076,1,43,32.78,0,0
81,2026-04-20,Kolkata,31.898,4907,589,1.697,0.731,0.627,1.711,0.518,1.07,0.9222,1,44,33.1,0,0
82,2026-04-27,Kolkata,29.831,4589,551,1.907,0.717,1.217,2.515,0.814,1.003,0.9988,0,44,32.52,0,0
83,2026-05-04,Kolkata,33.6,5169,620,2.896,1.127,0.721,0.964,0.692,0.818,0.9972,0,44,35.81,0,0
84,2026-05-11,Kolkata,32.275,4965,596,3.335,1.246,0.668,1.508,0.835,0.821,1.0221,0,44,32.96,0,0
85,2026-05-18,Kolkata,36.889,5675,681,2.333,1.205,0.746,2.535,0.563,0.709,1.0183,0,45,34.04,0,0
86,2026-05-25,Kolkata,37.174,5719,686,2.611,0.876,0.699,2.009,0.74,0.734,1.0139,0,45,34.76,0,0
87,2026-06-01,Kolkata,36.536,5621,675,2.069,1.086,0.726,1.61,0.494,0.495,1.0011,0,45,35.86,0,0
88,2026-06-08,Kolkata,33.92,5218,626,2.074,0.798,0.584,2.228,0.66,1.176,0.9225,1,45,34.0,0,0
89,2026-06-15,Kolkata,36.462,5609,673,1.391,1.112,0.597,1.582,0.769,1.055,0.923,1,46,31.67,0,0
90,2026-06-22,Kolkata,34.593,5322,639,2.158,1.113,0.622,2.425,0.694,0.863,1.0113,0,46,36.59,0,0
91,2026-06-29,Kolkata,24.844,3822,459,1.818,0.843,0.536,1.843,0.581,0.679,1.0143,0,46,36.43,0,0
92,2026-07-06,Kolkata,25.914,3987,478,1.469,1.458,0.917,1.839,0.652,0.738,1.0092,0,46,32.31,0,0
93,2026-07-13,Kolkata,30.184,4644,557,2.266,1.001,0.715,1.23,0.546,1.266,0.9331,1,47,31.3,0,0
94,2026-07-20,Kolkata,31.32,4818,578,2.583,1.094,0.702,1.548,0.652,0.683,1.038,0,47,33.65,0,0
95,2026-07-27,Kolkata,27.857,4286,514,1.724,1.163,0.691,1.483,0.599,0.998,0.9512,1,47,34.26,0,0
96,2026-08-03,Kolkata,28.754,4424,531,1.282,1.155,0.749,1.253,0.58,1.111,0.9339,1,47,29.84,0,0
97,2026-08-10,Kolkata,28.802,4431,532,1.678,1.602,1.731,1.799,0.798,1.295,0.9532,1,48,29.8,0,0
98,2026-08-17,Kolkata,28.771,4426,531,1.454,1.015,0.681,1.524,0.762,0.896,0.9864,0,48,29.6,0,0
99,2026-08-24,Kolkata,21.52,3311,397,1.412,0.786,0.703,1.274,0.825,0.892,1.0202,0,48,25.65,0,0
100,2026-08-31,Kolkata,26.685,4105,493,1.727,0.968,0.533,1.446,0.82,0.963,1.0148,0,49,27.11,0,0
101,2026-09-07,Kolkata,30.781,4735,568,1.82,1.557,0.961,1.082,0.491,1.002,0.937,1,49,24.81,0,0
102,2026-09-14,Kolkata,28.095,4322,519,3.246,0.655,0.673,1.699,0.559,0.972,0.9521,1,49,24.62,0,0
103,2026-09-21,Kolkata,27.601,4246,510,2.531,1.049,0.566,2.137,0.812,0.754,1.0162,0,49,23.68,0,0
104,2026-09-28,Kolkata,34.283,5274,633,1.727,1.096,0.56,2.159,1.017,0.865,0.9524,1,50,25.4,1,0
1,2024-10-07,Pune,11.169,1718,206,0.83,0.531,0.325,0.979,0.29,0.475,0.9877,0,23,21.13,1,0
2,2024-10-14,Pune,11.237,1729,207,1.626,0.345,0.675,1.036,0.332,0.37,0.9787,0,23,17.15,1,0
3,2024-10-21,Pune,10.241,1576,189,1.223,0.415,0.361,0.924,0.297,0.329,0.9872,0,24,19.09,1,0
4,2024-10-28,Pune,11.812,1817,218,1.162,0.606,0.263,0.88,0.312,0.354,0.9849,0,24,18.78,1,0
5,2024-11-04,Pune,11.3,1739,209,0.638,0.465,0.24,0.561,0.327,0.509,1.0052,0,24,16.05,1,0
6,2024-11-11,Pune,12.753,1962,235,0.653,0.666,0.528,0.705,0.181,0.504,0.9991,0,24,19.95,1,0
7,2024-11-18,Pune,11.283,1736,208,1.036,0.373,0.419,1.173,0.331,0.475,0.9994,0,24,17.87,1,0
8,2024-11-25,Pune,12.349,1900,228,0.882,0.457,0.306,0.484,0.365,0.41,0.9816,0,24,17.44,1,0
9,2024-12-02,Pune,10.277,1581,190,0.84,0.518,0.345,0.717,0.358,0.458,1.0132,0,24,15.19,0,0
10,2024-12-09,Pune,10.816,1664,200,0.712,0.299,0.181,0.83,0.374,0.337,1.0166,0,25,18.45,0,0
11,2024-12-16,Pune,10.344,1591,191,0.638,0.672,0.358,1.1,0.308,0.425,0.9975,0,25,15.92,0,0
12,2024-12-23,Pune,10.381,1597,192,0.695,0.494,0.302,0.649,0.612,0.329,0.9847,0,25,17.9,0,0
13,2024-12-30,Pune,11.228,1727,207,0.861,0.45,0.324,1.116,0.289,0.367,1.0016,0,25,18.16,0,0
14,2025-01-06,Pune,13.131,2020,242,0.74,0.538,0.372,0.658,0.409,0.571,0.9843,0,25,15.8,0,0
15,2025-01-13,Pune,10.454,1608,193,0.856,0.315,0.416,1.077,0.274,0.594,1.0115,0,25,18.52,0,0
16,2025-01-20,Pune,13.496,2076,249,0.669,0.653,0.457,0.836,0.387,0.257,0.9948,0,25,22.2,0,0
17,2025-01-27,Pune,12.412,1910,229,1.241,0.427,0.433,0.691,0.425,0.448,1.0228,0,25,24.63,0,0
18,2025-02-03,Pune,12.538,1929,231,0.811,0.427,0.298,0.787,0.298,0.254,1.0064,0,26,22.76,0,0
19,2025-02-10,Pune,15.373,2365,284,0.665,0.448,0.395,1.037,0.467,0.375,1.0088,0,26,23.09,0,0
20,2025-02-17,Pune,11.469,1765,212,0.805,0.46,0.443,0.605,0.379,0.334,0.9912,0,26,22.95,0,0
21,2025-02-24,Pune,14.06,2163,260,1.15,0.41,0.497,0.756,0.311,0.356,0.9826,0,26,25.1,0,0
22,2025-03-03,Pune,13.343,2053,246,0.486,0.453,0.335,0.677,0.358,0.517,0.9936,0,26,25.46,0,0
23,2025-03-10,Pune,12.159,1871,224,0.675,0.331,0.376,0.72,0.292,0.49,1.0086,0,26,25.67,0,0
24,2025-03-17,Pune,12.206,1878,225,0.263,0.513,0.105,0.683,0.232,0.39,0.9926,0,26,25.79,0,0
25,2025-03-24,Pune,14.635,2252,270,0.549,0.477,0.219,1.534,0.377,0.596,1.0073,0,27,29.4,0,0
26,2025-03-31,Pune,14.721,2265,272,1.027,0.362,0.486,1.038,0.311,0.507,1.0091,0,27,30.35,0,0
27,2025-04-07,Pune,16.708,2570,308,0.94,0.405,0.36,1.068,0.36,0.411,0.9922,0,27,29.58,0,0
28,2025-04-14,Pune,15.655,2409,289,1.005,0.584,0.301,0.975,0.324,0.357,0.9921,0,27,29.22,0,0
29,2025-04-21,Pune,19.738,3037,364,0.531,0.508,0.363,1.186,0.261,0.436,1.0214,0,27,31.94,0,0
30,2025-04-28,Pune,14.462,2225,267,0.429,0.371,0.328,0.555,0.397,0.385,0.9941,0,27,32.01,0,0
31,2025-05-05,Pune,16.673,2565,308,0.619,0.594,0.259,0.775,0.435,0.368,0.9983,0,28,30.58,0,0
32,2025-05-12,Pune,17.089,2629,315,2.554,0.75,1.442,1.357,0.318,0.674,1.0023,0,28,33.08,0,0
33,2025-05-19,Pune,17.578,2704,325,0.821,0.511,0.464,1.212,0.456,0.538,1.0273,0,28,33.15,0,0
34,2025-05-26,Pune,19.114,2941,353,0.897,0.561,0.376,1.663,0.278,0.497,1.0243,0,28,32.45,0,0
35,2025-06-02,Pune,17.975,2765,332,0.47,0.523,0.205,0.699,0.313,0.371,1.0082,0,28,32.96,0,0
36,2025-06-09,Pune,20.092,3091,371,1.623,0.695,0.712,1.015,0.402,0.601,1.0066,0,28,32.55,0,0
37,2025-06-16,Pune,19.221,2957,355,0.91,0.675,0.31,0.96,0.357,0.612,1.0041,0,28,33.57,0,0
38,2025-06-23,Pune,17.257,2655,319,1.366,0.536,0.413,0.776,0.404,0.42,1.0006,0,29,32.35,0,0
39,2025-06-30,Pune,14.905,2293,275,0.984,1.055,0.346,0.632,0.281,0.383,1.0079,0,29,33.44,0,0
40,2025-07-07,Pune,15.353,2362,283,0.802,1.017,0.712,1.012,0.337,0.385,1.0151,0,29,32.36,0,0
41,2025-07-14,Pune,16.191,2491,299,0.803,0.628,0.573,0.969,0.545,0.442,1.0234,0,29,33.96,0,0
42,2025-07-21,Pune,14.832,2282,274,1.404,0.423,0.723,0.698,0.398,0.539,1.017,0,29,30.15,0,0
43,2025-07-28,Pune,14.816,2279,274,0.378,0.425,0.17,0.912,0.397,0.573,1.0027,0,29,31.41,0,1
44,2025-08-04,Pune,14.347,2207,265,0.733,0.692,0.347,0.918,0.242,0.5,1.0023,0,30,29.24,0,0
45,2025-08-11,Pune,16.718,2572,309,0.61,0.652,0.313,1.19,0.416,0.609,1.0101,0,30,27.84,0,0
46,2025-08-18,Pune,15.118,2326,279,0.653,0.502,0.283,1.326,0.257,0.514,0.9933,0,30,25.67,0,0
47,2025-08-25,Pune,14.022,2157,259,0.958,0.67,0.455,1.419,0.338,0.518,0.9928,0,30,22.12,0,0
48,2025-09-01,Pune,16.876,2596,312,1.597,0.648,0.594,0.647,0.61,0.503,0.9931,0,30,25.21,0,0
49,2025-09-08,Pune,16.41,2525,303,0.48,0.625,0.33,0.685,0.467,0.73,0.985,0,30,25.5,0,0
50,2025-09-15,Pune,14.91,2294,275,0.587,0.573,0.735,0.909,0.268,0.589,0.9857,0,31,22.71,0,0
51,2025-09-22,Pune,17.216,2649,318,0.704,0.785,0.526,0.862,0.381,0.943,0.916,1,31,21.24,0,0
52,2025-09-29,Pune,17.542,2699,324,0.687,0.582,0.453,1.524,0.447,0.863,0.9069,1,31,20.39,1,0
53,2025-10-06,Pune,17.256,2655,319,1.274,0.36,0.57,1.725,0.501,0.568,0.991,0,31,17.48,1,0
54,2025-10-13,Pune,17.972,2765,332,1.475,0.725,0.407,1.079,0.432,0.532,0.9931,0,31,20.23,1,0
55,2025-10-20,Pune,16.256,2501,300,0.924,0.632,0.626,1.034,0.418,0.515,0.9815,0,31,18.91,1,1
56,2025-10-27,Pune,16.867,2595,311,1.162,0.588,0.669,1.456,0.344,0.577,0.9802,0,32,18.39,1,0
57,2025-11-03,Pune,18.819,2895,347,1.277,0.756,0.425,1.348,0.275,0.817,0.9752,0,32,18.18,1,0
58,2025-11-10,Pune,17.737,2729,327,2.01,0.825,0.674,1.359,0.588,0.708,0.9962,0,32,16.89,1,0
59,2025-11-17,Pune,16.791,2583,310,1.268,0.718,0.403,1.555,0.541,0.5,0.9933,0,32,14.76,1,0
60,2025-11-24,Pune,18.201,2800,336,1.009,0.866,0.554,0.955,0.302,0.605,0.986,0,32,17.42,1,0
61,2025-12-01,Pune,14.975,2304,276,1.612,0.686,0.503,0.887,0.615,0.518,0.9938,0,32,20.15,0,0
62,2025-12-08,Pune,15.469,2380,286,1.511,0.805,0.509,1.435,0.431,0.327,0.996,0,33,17.87,0,0
63,2025-12-15,Pune,15.861,2440,293,1.2,0.996,0.719,1.19,0.364,0.661,1.0026,0,33,18.79,0,0
64,2025-12-22,Pune,16.066,2472,297,1.566,0.398,0.69,1.501,0.407,0.599,0.9817,0,33,17.56,0,0
65,2025-12-29,Pune,15.457,2378,285,1.033,0.809,0.647,0.779,0.653,0.53,0.9876,0,33,19.06,0,0
66,2026-01-05,Pune,17.112,2633,316,1.002,0.67,0.813,0.723,0.448,0.817,0.9218,1,33,18.15,0,0
67,2026-01-12,Pune,17.848,2746,330,0.976,0.567,0.498,0.892,0.409,0.987,0.9146,1,34,18.07,0,0
68,2026-01-19,Pune,17.541,2699,324,1.556,0.602,0.618,1.356,0.429,0.565,0.972,0,34,19.81,0,0
69,2026-01-26,Pune,19.311,2971,357,0.933,0.635,0.51,1.287,0.505,0.468,0.9769,0,34,21.51,0,0
70,2026-02-02,Pune,18.097,2784,334,1.711,0.6,0.512,0.969,0.399,0.371,0.9943,0,34,23.13,0,0
71,2026-02-09,Pune,18.288,2813,338,1.025,0.643,0.659,1.293,0.48,0.588,0.9892,0,34,23.18,0,0
72,2026-02-16,Pune,19.628,3020,362,0.774,0.762,0.422,1.422,0.511,0.825,0.9856,0,34,23.89,0,0
73,2026-02-23,Pune,20.955,3224,387,0.805,0.582,0.337,1.487,0.407,0.596,0.9725,0,35,23.79,0,0
74,2026-03-02,Pune,19.963,3071,369,1.639,0.703,0.327,1.232,0.351,0.454,0.9873,0,35,22.69,0,0
75,2026-03-09,Pune,21.784,3351,402,0.798,0.63,0.592,1.063,0.383,0.944,0.8916,1,35,27.18,0,0
76,2026-03-16,Pune,19.794,3045,365,1.746,0.657,0.379,0.909,0.599,0.592,0.9746,0,35,26.96,0,0
77,2026-03-23,Pune,18.677,2873,345,1.26,0.681,0.838,0.833,0.366,0.578,0.9829,0,35,27.41,0,0
78,2026-03-30,Pune,22.311,3432,412,1.198,0.455,0.473,1.227,0.634,0.394,0.9754,0,36,31.08,0,0
79,2026-04-06,Pune,23.458,3609,433,1.039,1.238,0.69,1.324,0.5,0.688,0.9837,0,36,31.52,0,0
80,2026-04-13,Pune,28.925,4450,534,1.196,0.898,0.468,1.369,0.508,1.081,0.9006,1,36,32.12,0,0
81,2026-04-20,Pune,26.59,4091,491,1.147,0.51,0.451,1.037,0.381,0.789,0.9019,1,36,32.25,0,0
82,2026-04-27,Pune,29.002,4462,535,1.827,0.59,0.991,1.989,0.617,0.644,1.0033,0,36,34.3,0,0
83,2026-05-04,Pune,22.875,3519,422,2.055,1.244,0.619,1.023,0.736,0.632,1.007,0,37,33.39,0,0
84,2026-05-11,Pune,24.337,3744,449,2.429,0.883,0.395,1.148,0.535,0.556,0.9947,0,37,34.57,0,0
85,2026-05-18,Pune,25.921,3988,479,1.961,0.869,0.534,2.318,0.356,0.645,1.0063,0,37,34.7,0,0
86,2026-05-25,Pune,25.187,3875,465,2.119,0.639,0.547,1.947,0.662,0.617,1.0067,0,37,29.89,0,0
87,2026-06-01,Pune,22.84,3514,422,1.685,0.74,0.579,1.249,0.401,0.369,1.0103,0,37,33.04,0,0
88,2026-06-08,Pune,27.647,4253,510,0.0,0.834,0.627,1.589,0.432,0.7,0.9201,1,38,32.13,0,0
89,2026-06-15,Pune,25.292,3891,467,0.0,0.812,0.431,1.15,0.617,1.003,0.9413,1,38,32.4,0,0
90,2026-06-22,Pune,22.136,3406,409,0.0,0.838,0.58,1.705,0.638,0.669,1.0057,0,38,30.82,0,0
91,2026-06-29,Pune,22.084,3398,408,0.0,0.608,0.498,1.269,0.584,0.796,1.0068,0,38,31.17,0,0
92,2026-07-06,Pune,21.383,3290,395,0.0,1.179,0.734,1.443,0.471,0.607,1.0065,0,38,33.42,0,0
93,2026-07-13,Pune,24.556,3778,453,0.0,0.91,0.55,1.273,0.425,0.944,0.9401,1,39,31.79,0,0
94,2026-07-20,Pune,21.74,3345,401,0.0,0.795,0.778,1.146,0.533,0.691,1.0172,0,39,28.36,0,0
95,2026-07-27,Pune,22.396,3446,413,0.0,0.953,0.592,1.156,0.476,0.854,0.921,1,39,31.17,0,0
96,2026-08-03,Pune,22.245,3422,411,1.383,0.745,0.767,0.767,0.431,0.811,0.9345,1,39,28.82,0,0
97,2026-08-10,Pune,25.098,3861,463,1.599,0.935,1.025,1.302,0.635,0.769,0.9669,1,40,27.53,0,0
98,2026-08-17,Pune,25.207,3878,465,1.137,0.871,0.51,1.218,0.731,0.755,1.0206,0,40,28.07,0,0
99,2026-08-24,Pune,20.444,3145,377,1.268,0.676,0.577,1.109,0.636,0.672,1.0315,0,40,24.67,0,0
100,2026-08-31,Pune,23.757,3655,439,1.474,0.824,0.591,1.13,0.671,0.746,1.015,0,40,24.68,0,0
101,2026-09-07,Pune,21.357,3286,394,1.406,1.044,0.76,1.227,0.409,0.912,0.9575,1,40,22.28,0,0
102,2026-09-14,Pune,21.713,3340,401,2.534,0.55,0.43,1.397,0.473,0.719,0.9424,1,41,21.53,0,0
103,2026-09-21,Pune,21.269,3272,393,2.147,0.84,0.491,1.394,0.703,0.597,1.0121,0,41,20.17,0,0
104,2026-09-28,Pune,25.087,3859,463,1.393,0.767,0.375,1.488,0.628,1.069,0.951,1,41,23.07,1,0
1,2024-10-07,Ahmedabad,8.658,1332,160,0.619,0.346,0.265,0.955,0.226,0.355,0.9778,0,18,24.84,1,0
2,2024-10-14,Ahmedabad,8.088,1244,149,1.214,0.24,0.564,0.643,0.208,0.356,0.9935,0,18,22.27,1,0
3,2024-10-21,Ahmedabad,8.681,1335,160,0.794,0.266,0.284,0.658,0.224,0.294,0.9974,0,18,23.12,1,0
4,2024-10-28,Ahmedabad,7.907,1216,146,1.101,0.315,0.187,0.581,0.278,0.284,0.9939,0,18,19.49,1,0
5,2024-11-04,Ahmedabad,8.509,1309,157,0.439,0.395,0.191,0.456,0.192,0.322,0.9982,0,19,19.24,1,0
6,2024-11-11,Ahmedabad,9.226,1419,170,0.626,0.49,0.401,0.6,0.143,0.433,0.9728,0,19,19.56,1,0
7,2024-11-18,Ahmedabad,8.936,1375,165,0.777,0.311,0.396,0.771,0.209,0.266,1.0109,0,19,19.56,1,0
8,2024-11-25,Ahmedabad,8.478,1304,157,0.816,0.435,0.279,0.393,0.222,0.241,1.005,0,19,19.38,1,0
9,2024-12-02,Ahmedabad,7.95,1223,147,0.71,0.438,0.375,0.555,0.278,0.351,0.9909,0,19,19.04,0,0
10,2024-12-09,Ahmedabad,9.249,1423,171,0.59,0.224,0.167,0.632,0.315,0.311,1.0072,0,19,19.72,0,0
11,2024-12-16,Ahmedabad,9.355,1439,173,0.621,0.542,0.267,0.75,0.244,0.33,1.0044,0,19,19.26,0,0
12,2024-12-23,Ahmedabad,8.106,1247,150,0.572,0.436,0.191,0.4,0.523,0.249,1.0082,0,19,19.65,0,0
13,2024-12-30,Ahmedabad,8.081,1243,149,0.727,0.356,0.224,0.75,0.197,0.257,1.0015,0,19,19.56,0,0
14,2025-01-06,Ahmedabad,9.094,1399,168,0.755,0.426,0.255,0.524,0.278,0.468,0.9927,0,19,21.02,0,0
15,2025-01-13,Ahmedabad,10.762,1656,199,0.724,0.248,0.319,0.637,0.303,0.552,0.9919,0,20,24.85,0,0
16,2025-01-20,Ahmedabad,9.574,1473,177,0.526,0.654,0.317,0.856,0.241,0.178,1.0087,0,20,24.42,0,0
17,2025-01-27,Ahmedabad,9.297,1430,172,0.994,0.33,0.36,0.557,0.252,0.237,1.0042,0,20,22.14,0,0
18,2025-02-03,Ahmedabad,9.311,1432,172,0.584,0.405,0.199,0.544,0.3,0.184,1.0226,0,20,24.75,0,0
19,2025-02-10,Ahmedabad,10.1,1554,186,0.552,0.533,0.261,0.851,0.378,0.383,1.0166,0,20,27.26,0,0
20,2025-02-17,Ahmedabad,9.024,1388,167,0.709,0.298,0.453,0.545,0.223,0.302,0.9971,0,20,25.54,0,0
21,2025-02-24,Ahmedabad,9.665,1487,178,0.907,0.272,0.436,0.563,0.238,0.29,0.9984,0,20,28.61,0,0
22,2025-03-03,Ahmedabad,9.917,1526,183,0.442,0.358,0.253,0.668,0.194,0.406,0.9948,0,20,29.9,0,0
23,2025-03-10,Ahmedabad,10.529,1620,194,0.508,0.254,0.248,0.662,0.172,0.349,1.0112,0,20,31.32,0,0
24,2025-03-17,Ahmedabad,9.826,1512,181,0.192,0.363,0.072,0.465,0.181,0.302,1.008,0,21,29.01,0,0
25,2025-03-24,Ahmedabad,11.355,1747,210,0.382,0.44,0.188,0.931,0.278,0.417,0.9888,0,21,30.83,0,0
26,2025-03-31,Ahmedabad,11.887,1829,219,0.771,0.262,0.345,0.845,0.21,0.384,1.0002,0,21,31.38,0,0
27,2025-04-07,Ahmedabad,11.822,1819,218,0.606,0.414,0.335,0.801,0.332,0.241,1.0133,0,21,33.13,0,0
28,2025-04-14,Ahmedabad,13.698,2107,253,0.673,0.314,0.235,0.685,0.281,0.3,1.0102,0,21,35.44,0,0
29,2025-04-21,Ahmedabad,12.813,1971,237,0.393,0.519,0.312,0.741,0.226,0.308,1.0155,0,21,35.72,0,0
30,2025-04-28,Ahmedabad,11.561,1779,213,0.384,0.288,0.27,0.583,0.286,0.312,1.011,0,21,33.53,0,0
31,2025-05-05,Ahmedabad,13.344,2053,246,0.465,0.47,0.173,0.627,0.284,0.259,1.0132,0,21,37.94,0,0
32,2025-05-12,Ahmedabad,15.384,2367,284,1.935,0.562,0.799,0.971,0.188,0.36,1.0214,0,22,36.83,0,0
33,2025-05-19,Ahmedabad,14.602,2247,270,0.622,0.442,0.234,0.758,0.293,0.437,1.0213,0,22,35.35,0,0
34,2025-05-26,Ahmedabad,13.248,2038,245,0.541,0.376,0.333,0.882,0.213,0.314,1.0046,0,22,35.99,0,0
35,2025-06-02,Ahmedabad,13.227,2035,244,0.321,0.378,0.188,0.445,0.326,0.244,1.0131,0,22,36.62,0,0
36,2025-06-09,Ahmedabad,13.503,2077,249,1.322,0.46,0.483,0.654,0.282,0.387,0.9927,0,22,36.13,0,0
37,2025-06-16,Ahmedabad,14.19,2183,262,0.572,0.602,0.218,0.885,0.345,0.46,1.0011,0,22,35.76,0,0
38,2025-06-23,Ahmedabad,14.198,2184,262,0.809,0.417,0.366,0.614,0.316,0.312,1.0126,0,22,35.01,0,0
39,2025-06-30,Ahmedabad,11.26,1732,208,0.763,0.847,0.28,0.6,0.201,0.25,1.0168,0,22,31.38,0,0
40,2025-07-07,Ahmedabad,12.834,1974,237,0.713,0.675,0.477,0.754,0.237,0.265,1.0134,0,22,36.45,0,0
41,2025-07-14,Ahmedabad,11.885,1829,219,0.686,0.546,0.396,0.605,0.362,0.363,1.0207,0,23,32.79,0,0
42,2025-07-21,Ahmedabad,10.624,1635,196,1.117,0.317,0.499,0.619,0.374,0.286,1.0297,0,23,34.77,0,0
43,2025-07-28,Ahmedabad,11.643,1791,215,0.257,0.344,0.169,0.62,0.303,0.449,1.0182,0,23,33.79,0,1
44,2025-08-04,Ahmedabad,10.254,1578,189,0.611,0.564,0.32,0.856,0.175,0.333,1.0086,0,23,29.69,0,0
45,2025-08-11,Ahmedabad,12.141,1868,224,0.488,0.469,0.308,0.849,0.325,0.524,1.0244,0,23,30.15,0,0
46,2025-08-18,Ahmedabad,11.065,1702,204,0.41,0.294,0.242,0.759,0.208,0.408,0.9911,0,23,29.49,0,0
47,2025-08-25,Ahmedabad,10.852,1670,200,0.755,0.414,0.358,0.949,0.263,0.407,0.9758,0,23,29.61,0,0
48,2025-09-01,Ahmedabad,12.465,1918,230,1.296,0.456,0.493,0.612,0.413,0.328,0.9816,0,23,28.87,0,0
49,2025-09-08,Ahmedabad,12.211,1879,225,0.34,0.535,0.264,0.536,0.308,0.479,0.9765,0,24,27.29,0,0
50,2025-09-15,Ahmedabad,12.055,1855,223,0.408,0.461,0.615,0.873,0.188,0.405,1.0067,0,24,27.23,0,0
51,2025-09-22,Ahmedabad,12.881,1982,238,0.476,0.586,0.331,0.663,0.313,0.56,0.9162,1,24,25.35,0,0
52,2025-09-29,Ahmedabad,14.919,2295,275,0.527,0.372,0.404,0.98,0.271,0.665,0.9061,1,24,21.82,1,0
53,2025-10-06,Ahmedabad,13.846,2130,256,0.87,0.282,0.417,1.015,0.435,0.573,0.991,0,24,23.07,1,0
54,2025-10-13,Ahmedabad,11.49,1768,212,1.455,0.486,0.32,0.798,0.261,0.431,0.9796,0,24,20.39,1,0
55,2025-10-20,Ahmedabad,11.541,1776,213,0.774,0.387,0.475,0.67,0.42,0.363,0.9821,0,24,20.29,1,1
56,2025-10-27,Ahmedabad,13.517,2080,250,0.834,0.405,0.454,1.108,0.276,0.62,0.995,0,25,21.41,1,0
57,2025-11-03,Ahmedabad,15.336,2359,283,1.101,0.486,0.328,0.931,0.237,0.577,0.9762,0,25,19.27,1,0
58,2025-11-10,Ahmedabad,14.171,2180,262,1.71,0.466,0.748,0.979,0.431,0.411,1.002,0,25,19.08,1,0
59,2025-11-17,Ahmedabad,13.519,2080,250,1.039,0.626,0.312,1.256,0.379,0.409,0.989,0,25,20.2,1,0
60,2025-11-24,Ahmedabad,12.378,1904,229,0.723,0.575,0.358,0.846,0.263,0.381,1.0014,0,25,22.17,1,0
61,2025-12-01,Ahmedabad,13.007,2001,240,1.026,0.493,0.469,0.636,0.372,0.372,0.9821,0,25,20.05,0,0
62,2025-12-08,Ahmedabad,12.009,1848,222,1.272,0.546,0.509,0.944,0.252,0.273,0.9971,0,25,20.44,0,0
63,2025-12-15,Ahmedabad,13.202,2031,244,1.028,0.881,0.59,0.599,0.263,0.545,0.9754,0,25,20.7,0,0
64,2025-12-22,Ahmedabad,13.063,2010,241,1.142,0.297,0.447,0.914,0.304,0.447,0.9804,0,26,21.95,0,0
65,2025-12-29,Ahmedabad,13.299,2046,246,0.866,0.603,0.433,0.761,0.449,0.432,1.0017,0,26,22.93,0,0
66,2026-01-05,Ahmedabad,14.271,2196,263,0.859,0.559,0.669,0.638,0.314,0.716,0.9058,1,26,24.25,0,0
67,2026-01-12,Ahmedabad,13.799,2123,255,0.702,0.386,0.391,0.609,0.387,0.609,0.9056,1,26,20.11,0,0
68,2026-01-19,Ahmedabad,13.0,2000,240,1.312,0.445,0.509,0.838,0.282,0.381,0.9671,0,26,20.65,0,0
69,2026-01-26,Ahmedabad,14.853,2285,274,0.568,0.428,0.407,1.338,0.458,0.317,0.9748,0,26,24.69,0,0
70,2026-02-02,Ahmedabad,15.353,2362,283,1.355,0.669,0.349,0.764,0.286,0.335,0.9763,0,26,26.43,0,0
71,2026-02-09,Ahmedabad,14.598,2246,270,0.701,0.43,0.608,0.842,0.336,0.476,0.9878,0,27,24.28,0,0
72,2026-02-16,Ahmedabad,15.271,2349,282,0.504,0.557,0.451,1.442,0.373,0.58,0.9733,0,27,25.58,0,0
73,2026-02-23,Ahmedabad,15.849,2438,293,0.573,0.459,0.311,1.148,0.295,0.423,0.9847,0,27,27.02,0,0
74,2026-03-02,Ahmedabad,14.666,2256,271,0.981,0.504,0.231,0.888,0.249,0.354,0.9651,0,27,27.92,0,0
75,2026-03-09,Ahmedabad,15.844,2438,293,0.853,0.508,0.497,0.973,0.296,0.663,0.8952,1,27,29.87,0,0
76,2026-03-16,Ahmedabad,15.602,2400,288,0.788,0.451,0.265,0.813,0.352,0.434,0.9878,0,27,29.32,0,0
77,2026-03-23,Ahmedabad,17.365,2671,321,1.231,0.612,0.523,0.645,0.306,0.403,0.988,0,28,29.37,0,0
78,2026-03-30,Ahmedabad,18.201,2800,336,0.762,0.314,0.359,1.221,0.482,0.36,0.9918,0,28,34.89,0,0
79,2026-04-06,Ahmedabad,18.309,2817,338,0.962,0.959,0.411,0.993,0.393,0.653,0.9782,0,28,32.27,0,0
80,2026-04-13,Ahmedabad,19.396,2984,358,1.157,0.782,0.26,1.38,0.356,0.721,0.9129,1,28,33.68,0,0
81,2026-04-20,Ahmedabad,23.25,3577,429,0.842,0.373,0.379,1.075,0.279,0.628,0.9091,1,28,36.99,0,0
82,2026-04-27,Ahmedabad,19.3,2969,356,1.584,0.411,0.649,1.211,0.387,0.498,0.9939,0,28,34.24,0,0
83,2026-05-04,Ahmedabad,17.691,2722,327,1.416,0.672,0.537,0.715,0.516,0.495,1.0003,0,28,36.56,0,0
84,2026-05-11,Ahmedabad,18.81,2894,347,1.712,0.722,0.34,1.094,0.502,0.492,0.9945,0,29,37.76,0,0
85,2026-05-18,Ahmedabad,21.746,3346,401,1.53,0.76,0.447,1.319,0.293,0.454,0.9956,0,29,37.03,0,0
86,2026-05-25,Ahmedabad,20.205,3108,373,1.754,0.553,0.472,1.252,0.417,0.383,0.9981,0,29,34.68,0,0
87,2026-06-01,Ahmedabad,20.84,3206,385,1.31,0.484,0.458,0.994,0.389,0.346,0.9975,0,29,35.33,0,0
88,2026-06-08,Ahmedabad,21.458,3301,396,0.0,0.52,0.541,1.031,0.361,0.672,0.9267,1,29,38.37,0,0
89,2026-06-15,Ahmedabad,19.706,3032,364,0.0,0.606,0.311,0.866,0.509,0.661,0.9393,1,29,34.42,0,0
90,2026-06-22,Ahmedabad,18.519,2849,342,0.0,0.515,0.403,1.385,0.364,0.463,1.0106,0,30,35.96,0,0
91,2026-06-29,Ahmedabad,18.676,2873,345,0.0,0.385,0.35,1.151,0.44,0.431,1.0128,0,30,37.88,0,0
92,2026-07-06,Ahmedabad,15.395,2368,284,0.0,0.989,0.66,1.027,0.346,0.441,1.0043,0,30,35.4,0,0
93,2026-07-13,Ahmedabad,16.373,2519,302,0.0,0.661,0.366,0.816,0.361,0.654,0.9553,1,30,34.98,0,0
94,2026-07-20,Ahmedabad,15.861,2440,293,0.0,0.591,0.447,0.931,0.43,0.56,1.0128,0,30,33.42,0,0
95,2026-07-27,Ahmedabad,18.753,2885,346,0.0,0.709,0.426,0.905,0.362,0.575,0.9325,1,30,32.84,0,0
96,2026-08-03,Ahmedabad,16.588,2552,306,0.768,0.66,0.427,0.742,0.357,0.56,0.9617,1,31,31.8,0,0
97,2026-08-10,Ahmedabad,19.403,2985,358,1.093,0.802,0.834,0.891,0.551,0.653,0.9426,1,31,34.09,0,0
98,2026-08-17,Ahmedabad,15.914,2448,294,0.727,0.538,0.408,1.013,0.444,0.431,1.0182,0,31,27.44,0,0
99,2026-08-24,Ahmedabad,15.65,2408,289,0.907,0.477,0.368,0.873,0.417,0.638,1.002,0,31,28.02,0,0
100,2026-08-31,Ahmedabad,17.237,2652,318,1.224,0.7,0.297,0.923,0.535,0.475,1.0066,0,31,25.86,0,0
101,2026-09-07,Ahmedabad,17.23,2651,318,1.201,0.974,0.47,0.785,0.454,0.618,0.9356,1,31,28.6,0,0
102,2026-09-14,Ahmedabad,17.325,2665,320,1.987,0.326,0.296,0.988,0.402,0.765,0.9347,1,32,25.26,0,0
103,2026-09-21,Ahmedabad,15.609,2401,288,1.349,0.54,0.382,0.962,0.585,0.453,1.0111,0,32,23.51,0,0
104,2026-09-28,Ahmedabad,19.587,3013,362,1.066,0.553,0.353,1.223,0.497,0.546,0.9497,1,32,21.96,1,0
