subject,metric,value_as_stated_in_brief,period,confidence,source,verified_independently
Too Yumm (RPSG),Marketing % of revenue,Rs 128 Cr on Rs 535.7 Cr = ~24%,FY25,Not rated in brief,CARE Ratings,NO - copied from brief; re-check in Week 1
The Whole Truth,Marketing % of revenue,Rs 41 Cr on Rs 216 Cr = ~19%,FY25,Not rated,Entrackr,NO - copied from brief; re-check in Week 1
Yoga Bar,Marketing % of revenue,Rs 49 Cr on Rs 201.7 Cr = ~24%,FY25,Not rated,Indian Retailer,NO - copied from brief; re-check in Week 1
Slurrp Farm,Marketing % of revenue,Rs 39.5 Cr on Rs 97.5 Cr = ~41%,FY25,Not rated,Startuppedia,NO - copied from brief; re-check in Week 1
Open Secret,Marketing % of revenue,Rs 29 Cr on Rs 87.3 Cr = ~33%,FY25,Not rated,Startuppedia,NO - copied from brief; re-check in Week 1
Sleepy Owl,Marketing % of revenue,Rs 8.3 Cr on Rs 44.4 Cr = ~19%,FY25,Not rated,Startuppedia,NO - copied from brief; re-check in Week 1
Honasa (Mamaearth),Marketing % of revenue,"32-35% by quarter on Rs 2,392 Cr",FY26,Not rated,BestMediaInfo,NO - copied from brief; re-check in Week 1
Observed range,Marketing % of revenue,19-41%,FY25,Derived,Rows above,NO - copied from brief; re-check in Week 1
Quick commerce,"Commission, D2C non-electronics",28-30% (sometimes 35-40%),Aug 2025,Medium,Axis Capital,NO - copied from brief; re-check in Week 1
Quick commerce,Ad spend by D2C brands,Up to 15% of platform sales,Aug 2025,Medium,Axis Capital,NO - copied from brief; re-check in Week 1
Quick commerce,Share of D2C brand sales,20-80% by category,Aug 2025,Medium,Axis Capital,NO - copied from brief; re-check in Week 1
Quick commerce,"Ad market, all platforms","Rs 4,000 Cr (2025) to Rs 6,000 Cr (2026)",2026,Medium-high,Pitch Madison via Social Samosa,NO - copied from brief; re-check in Week 1
Zepto,Ad revenue,"Rs 1,636 Cr, +151%",FY26,High,IndianTelevision,NO - copied from brief; re-check in Week 1
Ready-to-drink beverages,Quick-commerce share of online sales,~57%,Apr-Jun 2024,Medium,Redseer,NO - copied from brief; re-check in Week 1
D2C F&B,Margin structure,"CM1 ~60%, CM2 ~41%, marketing ~27%, CM3 ~14%",n/a,Low-medium (vendor),ProfitBox360,NO - copied from brief; re-check in Week 1
D2C,CAC and 90-day repeat,"CAC Rs 800-1,200; repeat >40% 'defensible'",n/a,Low (blog),The CPG Lab,NO - copied from brief; re-check in Week 1
India ad market,Total ad spend,Rs 1.21 lakh Cr,2025,Medium,Dentsu via Social Samosa,NO - copied from brief; re-check in Week 1
India ad market,Digital share,"59% (Rs 71,621 Cr)",2025,Medium,Dentsu via Social Samosa,NO - copied from brief; re-check in Week 1
India digital ads,Social share of digital,29%,2025,Medium,Dentsu via Social Samosa,NO - copied from brief; re-check in Week 1
India digital ads,Paid search share of digital,23%,2025,Medium,Dentsu via Social Samosa,NO - copied from brief; re-check in Week 1
Influencer marketing,Market size,"Rs 3,000-3,500 Cr",2025,Medium,Kofluence via Social Samosa,NO - copied from brief; re-check in Week 1
Influencer marketing,FMCG share / Instagram use,19% of spend; 93% of brands use Instagram,2025,Medium,Kofluence via Social Samosa,NO - copied from brief; re-check in Week 1
PyMC-Marketing,Version,1.1.0 (27 Aug 2026),Sep 2026,High,PyMC-Marketing docs,NO - copied from brief; re-check in Week 1
Google Meridian,Version,2.1.0 (17 Sep 2026),Sep 2026,High,Meridian changelog,NO - copied from brief; re-check in Week 1
lifelines,Version,0.30.3,Sep 2026,High,lifelines,NO - copied from brief; re-check in Week 1
lifetimes,Status,Archived; successor is PyMC-Marketing,Sep 2026,High,lifetimes README,NO - copied from brief; re-check in Week 1
DPDP Rules 2025,Timeline,Notified 13 Nov 2025; consent managers from 13 Nov 2026; main duties from 13 May 2027,2025-27,High,"Taxmann, PIB",NO - copied from brief; re-check in Week 1
ASCI influencer rules,Non-disclosure,56.8% of flagged influencer ads had no disclosure,FY25,Medium,e4m,NO - copied from brief; re-check in Week 1
ASCI AI-ad guidelines,Status,"Draft (May 2026), not final",May 2026,Medium,MediaNews4U,NO - copied from brief; re-check in Week 1
CCPA dark patterns,Advisory,Self-audit within 3 months (June 2025),Jun 2025,Medium,AZB & Partners,NO - copied from brief; re-check in Week 1
